UniProt	gene	ptm_pos	mutations_within_5_positions	mutation_count_within_5_positions	mutations_more_than_5_positions	mutation_count_more_than_5_positions
A0MZ66	SHTN1	485	482-4.90, 484-3.85, 490-8.38	3		0
E9PAV3	NACA	2054	2053-3.84, 2054-0.00	2	2045-9.58, 2060-9.92	2
O00291	HIP1	516	516-0.00	1		0
O00291	HIP1	1009	1005-6.19, 1008-3.86, 1009-0.00, 1013-6.01	4		0
O00512	BCL9	362	359-4.94, 361-3.86	2		0
O00512	BCL9	1244	1242-5.70	1		0
O00512	BCL9	1254	1254-0.00	1		0
O14522	PTPRT	412	411-3.86	1		0
O14522	PTPRT	415	411-6.15	1		0
O14522	PTPRT	767	769-5.52	1		0
O14522	PTPRT	1208	1210-5.39	1		0
O14647	CHD2	472	471-3.86	1		0
O14647	CHD2	828	833-7.49	1		0
O14647	CHD2	1213	1211-6.44	1		0
O14647	CHD2	1441	1440-3.81	1		0
O14647	CHD2	1590	1590-0.00	1		0
O14647	CHD2	1637	1637-0.00	1		0
O14647	CHD2	1785	1788-9.77	1		0
O14647	CHD2	1789	1788-3.89	1		0
O14647	CHD2	1828	1826-6.96	1		0
O14654	IRS4	64	62-6.28	1		0
O14654	IRS4	202	204-5.63	1		0
O14654	IRS4	208	204-6.54	1		0
O14654	IRS4	728	731-9.53	1		0
O14654	IRS4	757	756-3.82	1		0
O14654	IRS4	835	834-3.35	1		0
O14654	IRS4	872	873-3.21	1		0
O14654	IRS4	874	873-3.91	1		0
O14654	IRS4	976	978-6.05	1		0
O14654	IRS4	1061	1059-7.19	1		0
O14746	TERT	692	696-6.36	1		0
O14920	IKBKB	169	171-6.79	1		0
O14920	IKBKB	171	171-0.00	1		0
O14920	IKBKB	199	203-7.05	1		0
O14920	IKBKB	239	236-8.51	1		0
O14920	IKBKB	246	248-6.54	1		0
O14920	IKBKB	467	471-6.40	1		0
O14920	IKBKB	474	471-5.10	1		0
O14920	IKBKB	476	471-8.56	1	633-8.58	1
O14920	IKBKB	587	592-8.60	1		0
O14920	IKBKB	679	680-3.85	1		0
O14920	IKBKB	682	680-6.61	1		0
O14920	IKBKB	703	703-0.00, 704-3.85	2		0
O14920	IKBKB	705	703-5.28, 704-3.83	2		0
O14980	XPO1	568	571-4.92	1		0
O15119	TBX3	301	304-5.58	1		0
O15119	TBX3	719	719-0.00, 720-3.84, 722-5.16, 723-6.15	4		0
O15151	MDM4	20	18-5.27	1		0
O15151	MDM4	365	367-7.04	1		0
O15151	MDM4	367	367-0.00, 369-6.68	2		0
O15164	TRIM24	336	339-5.05	1		0
O15164	TRIM24	341	339-5.53	1		0
O15164	TRIM24	458	460-6.72	1		0
O15164	TRIM24	723	721-6.25	1		0
O15164	TRIM24	1042	1038-6.10, 1039-5.02, 1041-3.85, 1043-3.87, 1046-6.02, 1047-8.67	6	1036-9.75	1
O15169	AXIN1	148	146-5.98	1	113-7.33	1
O15534	PER1	830	832-7.04	1		0
O15534	PER1	980	981-3.90	1		0
O15534	PER1	1100	1102-5.87	1		0
O15534	PER1	1103	1102-3.87	1		0
O15534	PER1	1104	1102-6.42	1		0
O43295	SRGAP3	214	211-5.24	1		0
O43295	SRGAP3	497	496-3.85	1		0
O43295	SRGAP3	554	556-5.42	1		0
O43295	SRGAP3	759	758-3.80, 761-4.78	2		0
O43295	SRGAP3	837	837-0.00	1		0
O43295	SRGAP3	919	920-3.82	1		0
O43295	SRGAP3	922	920-5.95	1		0
O43524	FOXO3	253	250-9.13	1		0
O43524	FOXO3	307	305-6.26, 310-9.58	2		0
O43524	FOXO3	311	310-3.78	1		0
O43711	TLX3	162	161-3.82, 162-0.00, 164-6.27	3		0
O43791	SPOP	119	117-6.99, 121-5.47	2	102-5.56, 131-8.77, 133-8.74	3
O43815	STRN	456	456-0.00	1	778-5.65	1
O43815	STRN	458	456-7.11	1	746-9.97, 778-6.48	2
O60216	RAD21	55	54-3.86	1		0
O60216	RAD21	56	54-5.54	1		0
O60216	RAD21	67	65-5.43	1		0
O60216	RAD21	371	374-5.10	1		0
O60216	RAD21	374	374-0.00	1		0
O60674	JAK2	212	215-5.04	1		0
O60674	JAK2	570	569-3.88	1		0
O60674	JAK2	613		0	564-9.06	1
O60674	JAK2	882	884-7.17	1		0
O60674	JAK2	883	884-3.83	1		0
O60716	CTNND1	38	34-6.18	1		0
O60716	CTNND1	517	519-6.22	1		0
O60716	CTNND1	542	545-5.05	1		0
O60716	CTNND1	587	584-4.97	1	545-8.68	1
O60716	CTNND1	670	675-8.08	1		0
O60716	CTNND1	675	675-0.00	1		0
O60716	CTNND1	676	675-3.85	1		0
O60716	CTNND1	744	742-5.39	1		0
O60716	CTNND1	920	921-3.88	1		0
O60716	CTNND1	943	944-3.77	1		0
O60885	BRD4	469	470-3.82	1		0
O60885	BRD4	470	470-0.00	1		0
O60885	BRD4	498	499-3.16	1	414-9.63	1
O60885	BRD4	499	499-0.00	1		0
O60885	BRD4	619	616-5.16	1		0
O60885	BRD4	629	633-6.85	1		0
O60885	BRD4	1045	1047-6.60	1		0
O60934	NBN	73	72-3.84	1		0
O60934	NBN	195	198-8.97	1		0
O60934	NBN	197	198-3.88	1		0
O60934	NBN	447	447-0.00	1		0
O60934	NBN	665	667-5.99	1		0
O60934	NBN	673	675-6.62	1		0
O60934	NBN	683	685-6.22	1		0
O60934	NBN	690	688-6.09	1		0
O60934	NBN	715	712-8.34, 714-3.79	2		0
O75030	MITF	485	483-5.79, 488-9.40	2		0
O75175	CNOT3	82	81-3.86	1		0
O75175	CNOT3	635	633-6.35, 640-8.08	2	679-7.85, 680-8.91	2
O75376	NCOR1	88	86-7.48	1		0
O75376	NCOR1	161	161-0.00	1		0
O75376	NCOR1	1484	1482-7.30	1		0
O75376	NCOR1	1518	1519-3.85	1		0
O75376	NCOR1	1561	1561-0.00	1		0
O75376	NCOR1	1756	1755-3.38	1		0
O75417	POLQ	1866	1868-5.97	1		0
O75444	MAF	70	73-9.07	1		0
O75475	PSIP1	347	351-6.22	1		0
O75626	PRDM1	371	373-7.37	1		0
O75626	PRDM1	518	516-6.73	1		0
O75874	IDH1	34	33-3.86	1	355-8.32	1
O75874	IDH1	106		0	297-6.57	1
O94761	RECQL4	1048	1046-5.32, 1048-0.00, 1049-3.85	3		0
O95251	KAT7	100	98-6.70	1		0
O95251	KAT7	277	281-6.26	1		0
O95251	KAT7	506	505-3.81, 507-3.84, 509-9.02	3	549-8.64	1
O95251	KAT7	512	509-8.53, 512-0.00, 513-3.87	3		0
O95251	KAT7	524	520-6.12, 528-6.17, 529-8.66	3	561-8.93	1
O95251	KAT7	537	536-3.86, 538-3.85	2		0
O95573	ACSL3	642	637-7.20	1		0
O95573	ACSL3	679	681-7.21	1	624-8.89, 658-9.94	2
O95573	ACSL3	683	681-6.40	1	624-6.98, 646-8.56, 649-6.21, 709-9.36	4
O95835	LATS1	84	82-5.58	1		0
O95835	LATS1	462	464-6.48	1		0
O95835	LATS1	464	464-0.00	1		0
O95835	LATS1	662	660-5.55	1		0
O95835	LATS1	751	748-5.22, 753-5.46	2	1078-7.12	1
O95999	BCL10	77	72-7.78, 74-8.92, 79-5.67, 80-5.41	4		0
O95999	BCL10	138	139-3.76	1		0
O95999	BCL10	141	139-6.78, 143-7.33	2		0
O95999	BCL10	144	143-3.88	1		0
O95999	BCL10	231	228-9.48	1		0
O96017	CHEK2	224	223-3.85	1		0
O96017	CHEK2	225	223-6.78	1		0
O96017	CHEK2	435	439-6.31	1		0
O96017	CHEK2	437	439-5.52	1		0
O96017	CHEK2	444	439-5.51, 447-8.68	2		0
O96028	NSD2	1332	1332-0.00	1		0
P00519	ABL1	79	75-6.19	1		0
P00519	ABL1	224	225-3.84	1		0
P00519	ABL1	226	225-3.82	1		0
P00519	ABL1	229	225-9.17	1	75-7.75	1
P00519	ABL1	989	990-3.19	1		0
P00533	EGFR	112	108-9.89, 114-6.26, 116-5.48	3		0
P00533	EGFR	113	114-3.88, 116-6.12	2		0
P00533	EGFR	222	222-0.00	1		0
P00533	EGFR	224	222-7.33, 229-8.79	2		0
P00533	EGFR	229	229-0.00	1		0
P00533	EGFR	253	252-3.83, 256-9.83	2	108-9.38, 263-7.01, 289-6.02	3
P00533	EGFR	290	289-3.92, 292-6.50	2	256-6.06, 263-9.48	2
P00533	EGFR	293	292-3.87	1		0
P00533	EGFR	316	312-7.57, 314-7.26	2		0
P00533	EGFR	361	363-6.37	1		0
P00533	EGFR	444	441-9.52	1		0
P00533	EGFR	623	628-9.84	1	636-8.76	1
P00533	EGFR	648	645-9.72	1		0
P00533	EGFR	714		0	743-8.94, 744-7.61	2
P00533	EGFR	716	719-9.30	1	743-9.96	1
P00533	EGFR	720	719-3.84	1		0
P00533	EGFR	745	743-6.47, 744-3.87	2	719-9.24, 790-8.13	2
P00533	EGFR	764	768-6.31	1		0
P00533	EGFR	768	768-0.00	1		0
P00533	EGFR	790	790-0.00	1	743-5.20, 744-6.59	2
P00533	EGFR	860	858-6.59, 861-3.80	2		0
P00533	EGFR	978	977-3.85	1		0
P00533	EGFR	1096	1096-0.00, 1097-3.78	2		0
P00533	EGFR	1099	1097-7.35	1		0
P00533	EGFR	1179	1178-3.29	1		0
P01106	MYC	58	59-3.81	1		0
P01106	MYC	73	73-0.00, 74-3.85	2		0
P01106	MYC	77	74-8.64	1		0
P01106	MYC	79	82-8.40	1		0
P01106	MYC	163	161-5.55, 164-3.86	2		0
P01111	NRAS	64	59-6.27, 60-7.54, 61-5.96, 64-0.00	4		0
P01111	NRAS	88	86-5.51, 87-3.86, 92-6.18	3		0
P01111	NRAS	89	86-5.51, 87-5.50, 92-5.07	3	60-9.91	1
P01111	NRAS	128	132-6.05	1		0
P01111	NRAS	147	146-3.87	1	22-7.89	1
P01112	HRAS	64	59-6.31, 60-7.54, 61-5.96, 68-6.56	4		0
P01112	HRAS	117	117-0.00, 118-3.84, 120-5.73	3	123-8.88, 143-7.93, 144-6.16, 147-7.51	4
P01112	HRAS	118	117-3.84, 118-0.00, 120-5.39, 123-7.86	4	127-9.55, 143-6.25, 144-5.76, 147-9.19	4
P01116	KRAS	64	59-6.49, 60-7.79, 61-5.97, 62-5.35, 63-3.86, 64-0.00, 68-7.20	7	58-8.95	1
P01116	KRAS	117	117-0.00, 119-5.26	2	14-7.89, 19-9.87, 146-6.74	3
P01116	KRAS	118	117-3.84, 119-3.87	2	146-8.85	1
P01116	KRAS	144	146-6.40	1	117-6.21	1
P01116	KRAS	147	146-3.88	1	117-7.41	1
P01116	KRAS	148	146-5.77	1	117-9.00	1
P01127	PDGFB	190	187-8.72, 191-3.83	2		0
P02545	LMNA	64	69-8.53	1		0
P02545	LMNA	66	69-5.05	1		0
P02545	LMNA	71	69-5.45	1		0
P02545	LMNA	143	146-5.19	1		0
P02545	LMNA	144	146-5.46	1		0
P02545	LMNA	149	146-5.09	1		0
P02545	LMNA	150	146-6.23	1		0
P02545	LMNA	189	190-3.85	1		0
P02545	LMNA	295	296-3.87	1		0
P02545	LMNA	301	296-8.61	1		0
P02545	LMNA	450	446-5.76, 448-5.76	2	496-9.99, 500-8.35	2
P02545	LMNA	457		0	440-5.87, 441-6.83	2
P02545	LMNA	458		0	440-7.45, 441-9.72	2
P02545	LMNA	583	580-9.28, 583-0.00, 584-3.83	3		0
P02545	LMNA	585	583-6.13, 584-3.82	2		0
P02786	TFRC	123	121-6.53	1		0
P02786	TFRC	177	174-5.13	1		0
P02786	TFRC	499		0	611-9.98	1
P02786	TFRC	503	504-3.84	1	611-9.85	1
P02786	TFRC	508	504-6.11	1		0
P02786	TFRC	691	690-3.81, 695-5.92	2		0
P02786	TFRC	717	719-5.44, 722-8.56	2	631-9.89, 711-9.70	2
P02786	TFRC	720	719-3.86, 722-6.06	2	631-8.48	1
P02786	TFRC	722	719-5.91, 722-0.00	2		0
P03372	ESR1	244	243-3.85, 247-4.89	2		0
P03372	ESR1	277	278-3.87	1		0
P03372	ESR1	299	300-3.83	1		0
P03372	ESR1	302	300-6.20	1		0
P03372	ESR1	303	300-8.08	1		0
P03372	ESR1	537	536-3.82, 537-0.00, 538-3.85	3		0
P03372	ESR1	554	551-8.70, 555-3.82	2		0
P04049	RAF1	257	257-0.00	1		0
P04049	RAF1	258	257-3.83	1		0
P04049	RAF1	259	257-6.37	1		0
P04049	RAF1	260	257-9.91	1		0
P04049	RAF1	491	494-5.66, 496-8.91	2	466-9.90, 467-8.55	2
P04049	RAF1	493	494-3.84, 496-5.32, 498-9.64	3		0
P04049	RAF1	494	494-0.00, 496-5.70, 498-7.66	3		0
P04049	RAF1	497	494-5.68, 496-3.88, 498-3.87	3		0
P04049	RAF1	499	494-8.34, 496-8.23, 498-3.85	3		0
P04198	MYCN	58	58-0.00	1		0
P04439	HLA-A	123		0	150-9.44	1
P04439	HLA-A	135	135-0.00	1		0
P04439	HLA-A	137	135-6.87	1	150-6.52	1
P04439	HLA-A	145		0	120-9.14	1
P04439	HLA-A	147		0	120-9.43	1
P04439	HLA-A	155	150-7.30	1		0
P04439	HLA-A	200	201-3.85, 205-7.39	2		0
P04439	HLA-A	210		0	229-5.56, 232-7.23	2
P04626	ERBB2	728	733-4.21	1		0
P04626	ERBB2	733	733-0.00	1		0
P04626	ERBB2	735	733-6.53	1		0
P04626	ERBB2	753	755-6.11	1		0
P04626	ERBB2	772	767-8.74, 769-5.21, 776-6.57, 777-9.06	4		0
P04626	ERBB2	860	862-6.52	1		0
P04626	ERBB2	974	974-0.00	1		0
P04626	ERBB2	977	974-5.14	1		0
P04629	NTRK1	95	94-3.83	1		0
P04629	NTRK1	121	122-3.84	1		0
P04629	NTRK1	123	122-3.86	1		0
P04629	NTRK1	701	702-3.88	1		0
P04629	NTRK1	729		0	692-9.33	1
P04637	TP53	24	27-8.01	1		0
P04637	TP53	106	105-3.82, 106-0.00, 107-3.86, 108-5.81, 109-7.85	5	151-8.93, 266-7.69	2
P04637	TP53	110	105-9.32, 107-9.10, 108-6.34, 109-3.84, 110-0.00, 111-3.82	6	266-8.12, 267-7.65	2
P04637	TP53	115	113-6.37	1	125-7.57, 126-6.99, 127-8.72	3
P04637	TP53	120	120-0.00	1	277-6.43, 278-7.52, 279-5.66, 281-9.84	4
P04637	TP53	126	125-3.83, 126-0.00, 127-3.84, 130-8.59, 131-7.51	5	132-5.87, 135-8.52, 141-9.51, 271-9.65, 272-9.20, 278-8.99	6
P04637	TP53	132	127-5.24, 130-4.99, 131-3.84, 132-0.00, 133-3.80, 134-6.57, 135-9.90	7	271-4.38, 272-5.64, 285-9.81, 286-9.98	4
P04637	TP53	139	135-6.78, 136-5.50, 138-3.88, 139-0.00, 141-6.43	5	234-8.13, 236-7.13, 237-8.57	3
P04637	TP53	149	151-6.40, 152-9.51	2	106-8.34	1
P04637	TP53	150	151-3.87, 152-6.66, 155-9.64	3		0
P04637	TP53	155	151-6.38, 152-5.99, 154-3.86, 155-0.00, 156-3.85, 157-7.11	6	220-5.46	1
P04637	TP53	164	161-9.30, 162-6.35, 163-3.86, 164-0.00, 168-7.37, 169-6.26	6	249-7.63, 250-5.61, 272-9.84	3
P04637	TP53	183	179-8.33, 180-8.04, 181-6.42, 187-9.19	4		0
P04637	TP53	185	180-9.35, 181-9.76, 187-5.10, 190-7.28	4		0
P04637	TP53	209	208-3.86, 211-5.97, 213-8.10, 214-9.80	4		0
P04637	TP53	211	208-5.55, 211-0.00, 213-5.26, 214-8.77	4		0
P04637	TP53	213	208-5.42, 211-5.26, 213-0.00, 214-3.77, 215-6.45	5	161-8.30, 173-7.40, 193-9.36	3
P04637	TP53	215	213-6.45, 214-3.82, 215-0.00, 216-3.80	4	158-6.67, 159-5.69, 161-7.52, 193-7.52, 194-8.78, 195-7.51, 205-6.02	7
P04637	TP53	220	218-6.34, 220-0.00	2	151-8.31, 152-9.49, 154-7.44, 156-4.83, 157-5.79, 158-9.46, 259-9.53	7
P04637	TP53	234	232-6.36, 234-0.00, 236-6.83, 237-9.78	4	141-4.94, 159-9.05, 195-6.66, 199-9.36, 216-9.77	5
P04637	TP53	249	245-9.06, 246-5.48, 248-3.86, 249-0.00, 250-3.86, 251-6.56	6	163-6.70, 164-7.63, 168-8.14, 173-9.86, 241-7.75, 242-9.66, 273-9.43	7
P04637	TP53	269	267-7.05, 270-3.82, 271-7.07, 272-9.70	4	110-9.10, 132-9.42, 159-9.25, 161-9.54	4
P04637	TP53	284	279-8.68, 280-6.21, 281-5.09, 282-5.48, 283-3.82, 285-3.83, 286-5.57	7	278-9.94	1
P04637	TP53	290	285-8.61, 286-6.18	2		0
P04637	TP53	291	286-8.72	1	285-9.85	1
P04637	TP53	333	331-6.75, 334-3.85, 337-7.01	3		0
P04637	TP53	335	334-3.86, 337-5.44	2		0
P04637	TP53	337	334-5.46, 337-0.00, 342-8.55	3		0
P04843	RPN1	488	489-3.88, 492-6.35	2		0
P05091	ALDH2	497	498-3.85, 501-7.98	2		0
P05091	ALDH2	502	498-7.60, 501-3.86	2		0
P05091	ALDH2	503	498-9.65, 501-5.61	2		0
P05412	JUN	268	263-8.66, 264-6.13, 265-5.02	3		0
P05771	PRKCB	23	21-5.75	1		0
P05771	PRKCB	40	41-3.81, 42-6.26	2		0
P05771	PRKCB	195	196-3.84	1	243-8.42	1
P05771	PRKCB	197	196-3.83	1	243-5.10	1
P05771	PRKCB	199	203-7.02	1	239-8.17, 243-8.66	2
P05771	PRKCB	206	203-5.12	1		0
P05771	PRKCB	241	239-5.95, 243-6.39	2	203-9.83	1
P05771	PRKCB	362	361-3.83	1		0
P05771	PRKCB	391	392-3.85	1	660-7.14	1
P05771	PRKCB	481	484-9.97	1	427-8.89, 453-8.63	2
P05771	PRKCB	497	494-8.26	1		0
P05771	PRKCB	595	591-6.21, 592-4.92	2		0
P05771	PRKCB	642	644-6.71	1		0
P05771	PRKCB	644	644-0.00	1		0
P05771	PRKCB	661	657-8.68, 660-3.85	2	336-8.75	1
P06239	LCK	42	39-9.59	1		0
P06239	LCK	182	184-6.11	1		0
P06239	LCK	192	196-8.35	1	184-5.42	1
P06239	LCK	194	196-5.34	1	184-8.83	1
P06239	LCK	198	196-6.77	1	184-9.68	1
P06239	LCK	293	292-3.88	1		0
P06400	RB1	249	251-5.33	1		0
P06400	RB1	252	251-3.84	1		0
P06400	RB1	289	287-5.52	1		0
P06400	RB1	319	322-4.89	1		0
P06400	RB1	321	322-3.85	1	334-8.43	1
P06400	RB1	325	322-4.95	1	334-9.77	1
P06400	RB1	327	322-8.44	1		0
P06400	RB1	347	350-5.76	1		0
P06400	RB1	350	350-0.00	1		0
P06400	RB1	353	350-6.31	1		0
P06400	RB1	446	451-8.80	1		0
P06400	RB1	454	451-5.59	1		0
P06400	RB1	601	604-5.24	1		0
P06400	RB1	606	604-6.03	1		0
P06400	RB1	608	604-6.15	1		0
P06400	RB1	652	654-5.67	1		0
P06400	RB1	873	875-6.29, 876-8.86	2		0
P06400	RB1	874	875-3.82, 876-6.12, 877-9.32	3		0
P06753	TPM3	8	6-5.55	1		0
P06753	TPM3	234	229-8.64, 232-5.43, 239-8.50	3		0
P06753	TPM3	238	239-3.86, 243-8.60	2	232-9.86	1
P06753	TPM3	283	278-8.83	1		0
P06756	ITGAV	591	592-3.84	1		0
P06756	ITGAV	704	707-8.30	1		0
P07949	RET	350	349-3.87	1	337-4.55	1
P07949	RET	696	693-8.66	1		0
P07949	RET	826	823-6.81	1		0
P07949	RET	891	891-0.00	1		0
P07949	RET	909	912-9.04	1		0
P07949	RET	981	982-3.85	1		0
P07949	RET	1015		0	595-9.06	1
P07954	FH	46	49-6.30	1		0
P07954	FH	75	76-3.88	1		0
P07954	FH	80	76-6.43	1		0
P07954	FH	85	87-5.55	1		0
P07954	FH	90	87-8.42	1		0
P07954	FH	100	104-5.99	1		0
P07954	FH	343	343-0.00	1		0
P07954	FH	366	369-6.12	1		0
P07954	FH	491	488-7.95	1	497-9.76	1
P08151	GLI1	116	113-8.38	1		0
P08151	GLI1	319	314-8.95	1		0
P08151	GLI1	374	372-7.18	1		0
P08575	PTPRC	860	865-8.47	1	897-9.44	1
P08575	PTPRC	862	865-4.91	1	897-8.42	1
P08575	PTPRC	863	865-5.39	1		0
P08581	MET	376	378-5.79	1		0
P08581	MET	468	469-3.87	1		0
P08581	MET	985	982-9.84	1		0
P08581	MET	1093		0	1110-6.53	1
P08581	MET	1110	1110-0.00, 1112-7.12	2		0
P08581	MET	1215	1218-8.88	1		0
P08581	MET	1219	1218-3.84	1		0
P08922	ROS1	866	863-6.48	1		0
P08922	ROS1	2274		0	2264-8.59, 2265-6.05	2
P09619	PDGFRB	645	650-8.75	1		0
P09619	PDGFRB	686	687-3.86	1		0
P09619	PDGFRB	692	687-7.02	1		0
P09619	PDGFRB	707	711-9.30	1		0
P09619	PDGFRB	712	711-3.89	1		0
P09619	PDGFRB	775	776-3.77, 778-8.01	2		0
P09619	PDGFRB	778	776-6.45, 778-0.00	2		0
P09619	PDGFRB	1009	1007-6.01, 1010-3.81, 1012-8.55	3		0
P0C1Z6	TFPT	249	252-9.20	1		0
P0C1Z6	TFPT	252	252-0.00, 253-3.81	2		0
P10242	MYB	11	14-9.85	1		0
P10242	MYB	12	14-6.30	1		0
P10242	MYB	192	194-5.58	1		0
P10275	AR	298	299-3.86	1		0
P10275	AR	606	605-3.90, 608-6.21	2		0
P10275	AR	610	605-9.05, 608-5.38	2	616-8.41	1
P10275	AR	619	616-5.09, 618-3.86	2		0
P10275	AR	630	630-0.00	1		0
P10275	AR	631	630-3.88	1		0
P10275	AR	633	630-8.59	1		0
P10275	AR	792	787-8.61	1		0
P10275	AR	815	814-3.88	1		0
P10275	AR	826	821-9.87	1		0
P10275	AR	837	833-6.29	1		0
P10275	AR	858	857-3.86	1		0
P10398	ARAF	15	13-6.34	1		0
P10398	ARAF	42	43-3.87	1		0
P10398	ARAF	212	214-6.46	1		0
P10398	ARAF	213	214-3.83	1		0
P10398	ARAF	214	214-0.00, 217-9.75	2		0
P10398	ARAF	215	214-3.85, 217-6.90	2		0
P10398	ARAF	222	219-9.36, 221-3.82	2		0
P10398	ARAF	223	221-6.12	1		0
P10398	ARAF	224	221-8.64	1		0
P10721	KIT	283	284-3.87	1		0
P10721	KIT	578	576-6.59	1	642-5.69	1
P10721	KIT	642	642-0.00	1	576-6.09	1
P10721	KIT	735	737-7.02	1		0
P10721	KIT	738	737-3.49	1		0
P10721	KIT	821	818-8.48, 822-3.86	2		0
P10721	KIT	823	818-9.80, 822-3.86	2	829-9.44	1
P10721	KIT	891	888-9.58	1		0
P10721	KIT	943	946-7.16	1		0
P10721	KIT	959	956-9.48, 957-7.04	2		0
P10747	CD28	209	210-3.85, 211-6.43, 212-9.42	3		0
P11274	BCR	644	648-6.23	1		0
P11274	BCR	645	648-4.82	1		0
P11309	PIM1	23	24-3.82	1		0
P11309	PIM1	24	24-0.00	1		0
P11309	PIM1	94	96-5.65	1	161-9.69	1
P11309	PIM1	98	96-5.74	1	161-9.33	1
P11362	FGFR1	766	765-3.88, 766-0.00	2		0
P11387	TOP1	111	110-3.83	1		0
P11387	TOP1	112	110-6.37	1		0
P11387	TOP1	280	278-5.58	1		0
P11387	TOP1	374	376-6.84	1		0
P11387	TOP1	506	508-6.36	1		0
P11802	CDK4	22	22-0.00, 24-7.12	2	94-9.73	1
P11940	PABPC1	279	278-3.87	1		0
P11940	PABPC1	309	309-0.00	1		0
P11940	PABPC1	312	309-4.86	1		0
P11940	PABPC1	518	518-0.00, 519-3.88	2		0
P12270	TPR	371	371-0.00	1		0
P12270	TPR	723	724-3.85	1		0
P12270	TPR	725	724-3.86	1		0
P12270	TPR	748	743-8.38	1		0
P12270	TPR	1603	1598-8.26	1		0
P12270	TPR	2146	2145-3.93	1		0
P12270	TPR	2155	2155-0.00	1		0
P12524	MYCL	338	333-8.63	1		0
P12830	CDH1	217	220-9.17	1		0
P12830	CDH1	622	619-5.69	1		0
P12830	CDH1	738	740-6.72	1		0
P12830	CDH1	753	753-0.00	1		0
P12830	CDH1	754	753-3.83	1		0
P12830	CDH1	755	753-6.95	1		0
P12830	CDH1	797	797-0.00	1		0
P12931	SRC	17	16-3.87	1		0
P12931	SRC	35	35-0.00	1		0
P12931	SRC	37	35-7.25	1		0
P13796	LCP1	2	2-0.00	1		0
P13796	LCP1	5	2-8.60	1		0
P13796	LCP1	117	120-9.75	1		0
P13796	LCP1	118	120-6.63	1		0
P13796	LCP1	123	120-5.01	1		0
P13796	LCP1	124	120-6.12	1		0
P14373	TRIM27	194	199-8.64	1		0
P15056	BRAF	147	146-3.82	1		0
P15056	BRAF	319	320-3.32	1		0
P15056	BRAF	614	615-3.82	1		0
P15056	BRAF	750	748-7.49, 752-7.13	2		0
P15056	BRAF	753	752-3.24	1		0
P15498	VAV1	174	172-5.50	1		0
P15498	VAV1	345	347-5.69	1		0
P15498	VAV1	374	372-5.38, 378-6.50	2		0
P15498	VAV1	404	406-7.15	1		0
P15498	VAV1	683	678-8.79	1		0
P15498	VAV1	745	747-5.22	1		0
P15498	VAV1	802	798-9.85	1	828-9.35	1
P15498	VAV1	815	816-3.85	1		0
P15923	TCF3	134	136-6.80	1		0
P15923	TCF3	614	610-9.46, 611-8.90, 612-5.32, 616-5.44	4		0
P15976	GATA1	116	114-6.87, 116-0.00	2		0
P15976	GATA1	231	227-6.14	1		0
P15976	GATA1	304	305-3.85, 307-9.38	2		0
P15976	GATA1	308	305-8.96, 307-3.81	2		0
P15976	GATA1	310	307-8.11, 313-8.00	2		0
P15976	GATA1	312	313-3.83	1		0
P16157	ANK1	429	426-9.37	1		0
P16157	ANK1	781	781-0.00	1		0
P16157	ANK1	834	836-6.96	1		0
P16157	ANK1	961	963-6.61	1		0
P16157	ANK1	1396	1397-3.84	1		0
P16157	ANK1	1696	1694-6.40	1		0
P16220	CREB1	285	289-6.11	1		0
P16234	PDGFRA	613	612-3.84	1		0
P16234	PDGFRA	767	770-9.79	1		0
P16234	PDGFRA	768	770-6.98	1		0
P16234	PDGFRA	1018	1017-3.82	1		0
P16455	MGMT	156	158-6.94	1	113-9.63, 114-9.50, 148-7.86, 162-7.92, 166-9.70	5
P17612	PRKACA	84	83-3.88	1		0
P17612	PRKACA	89	94-8.57	1		0
P17612	PRKACA	93	94-3.85	1		0
P17844	DDX5	451	453-5.85	1		0
P17844	DDX5	454	453-3.86	1		0
P17844	DDX5	458	453-8.69	1		0
P17844	DDX5	498	496-6.58, 497-3.27, 499-3.86	3		0
P18074	ERCC2	69	72-9.66	1		0
P18074	ERCC2	181	185-6.14	1		0
P18074	ERCC2	507	511-6.04	1	683-9.14	1
P18074	ERCC2	603	606-5.31	1		0
P18074	ERCC2	671	672-3.86	1	44-9.82, 484-9.29, 737-7.70	3
P19174	PLCG1	977	978-3.87	1		0
P19174	PLCG1	1263	1259-8.63, 1262-3.90, 1266-6.43	3		0
P19447	ERCC3	44	40-7.21	1		0
P19447	ERCC3	319	320-3.86	1	325-9.71	1
P19447	ERCC3	323	320-5.07, 325-5.54	2		0
P19484	TFEB	91	91-0.00	1		0
P19484	TFEB	183	183-0.00	1		0
P19532	TFE3	188	188-0.00	1		0
P21333	FLNA	186	190-8.97	1		0
P21333	FLNA	189	190-3.85	1		0
P21333	FLNA	220	222-5.82	1		0
P21333	FLNA	468	467-3.85	1		0
P21333	FLNA	470	467-6.38	1		0
P21333	FLNA	471	467-9.79	1		0
P21333	FLNA	775	776-3.87	1		0
P21333	FLNA	876	878-7.07	1		0
P21333	FLNA	883	878-9.00, 881-5.56	2		0
P21333	FLNA	1161	1160-3.88	1	1240-6.22	1
P21333	FLNA	1162	1160-5.51	1	1240-8.55	1
P21333	FLNA	1164	1160-8.91	1	1240-8.65	1
P21333	FLNA	1639	1637-6.14	1		0
P21333	FLNA	1961	1958-5.57, 1959-5.81	2		0
P21333	FLNA	2000	2003-9.72	1	2007-5.89	1
P21333	FLNA	2062		0	2139-9.59	1
P21333	FLNA	2128	2127-3.86	1		0
P21333	FLNA	2131	2127-9.51	1	2059-8.81	1
P21333	FLNA	2141	2139-6.16	1		0
P21333	FLNA	2143		0	2282-9.10	1
P21333	FLNA	2260	2258-7.22	1		0
P21333	FLNA	2284	2282-6.84	1	2258-9.22	1
P21333	FLNA	2631	2635-5.33	1		0
P21333	FLNA	2640	2635-9.46	1		0
P21359	NF1	155	156-3.85	1		0
P21359	NF1	158	156-5.56	1		0
P21359	NF1	159	156-5.25	1		0
P21359	NF1	491	489-5.47	1		0
P21580	TNFAIP3	139	136-5.12	1		0
P21580	TNFAIP3	778	776-5.72, 778-0.00, 781-7.94	3	764-6.46, 771-4.33	2
P21802	FGFR2	448	451-9.27	1		0
P21802	FGFR2	449	451-6.27	1		0
P21802	FGFR2	452	451-3.84, 455-9.87	2		0
P21802	FGFR2	453	451-6.28, 455-6.87	2		0
P21802	FGFR2	454	451-9.65, 455-3.83	2		0
P21802	FGFR2	457	455-6.49	1		0
P21802	FGFR2	657	660-9.68	1		0
P21802	FGFR2	780	778-5.99	1		0
P21860	ERBB3	250	245-7.92	1	258-8.94, 284-6.13	2
P21860	ERBB3	353	355-6.22	1	329-6.85	1
P21860	ERBB3	414		0	355-9.14	1
P21912	SDHB	233	230-5.45	1		0
P22455	FGFR4	754	749-9.95, 750-8.23, 752-6.62, 756-6.76	4		0
P22607	FGFR3	444	443-3.83	1		0
P22607	FGFR3	445	443-6.78	1		0
P22607	FGFR3	647	642-6.67	1		0
P22607	FGFR3	648		0	642-6.88	1
P22607	FGFR3	724	724-0.00, 727-4.91	2		0
P22681	CBL	141	139-5.28, 143-5.93	2		0
P22681	CBL	203	206-5.25	1		0
P22681	CBL	364	366-5.42	1		0
P22681	CBL	368	366-5.56	1		0
P22681	CBL	371	366-8.63	1		0
P23193	TCEA1	57	54-5.64	1		0
P23193	TCEA1	114	113-3.27	1		0
P23193	TCEA1	126	123-8.32	1		0
P23246	SFPQ	236	236-0.00	1		0
P23246	SFPQ	571	571-0.00	1		0
P23458	JAK1	220	219-3.87	1	193-4.88	1
P23458	JAK1	267	270-5.09	1		0
P23458	JAK1	269	270-3.83	1		0
P23458	JAK1	708	703-8.74	1		0
P23458	JAK1	872	873-3.86	1		0
P23458	JAK1	908	910-7.14	1		0
P23458	JAK1	911	910-3.82	1		0
P23467	PTPRB	531	533-6.40	1		0
P23467	PTPRB	534	533-3.85	1		0
P23467	PTPRB	1328	1325-9.39	1		0
P23468	PTPRD	277	275-5.50	1		0
P23468	PTPRD	1386	1387-3.84	1		0
P23468	PTPRD	1670	1674-8.89	1		0
P23468	PTPRD	1788	1786-7.00	1		0
P23468	PTPRD	1815	1812-9.15	1	1898-9.20	1
P23769	GATA2	213	211-6.02	1		0
P23769	GATA2	376	372-6.12	1	385-9.44	1
P23771	GATA3	162	163-3.86	1		0
P23771	GATA3	166	163-8.97	1		0
P23771	GATA3	282	287-9.62	1		0
P23771	GATA3	290	287-5.13, 294-5.76	2	299-9.21	1
P23771	GATA3	292	287-8.61, 294-6.04	2		0
P23771	GATA3	304	306-5.81	1		0
P23771	GATA3	308	306-5.30	1		0
P24385	CCND1	33	31-5.34	1		0
P24385	CCND1	167		0	232-9.80	1
P24385	CCND1	175	171-6.43	1		0
P24385	CCND1	238	237-3.88, 240-7.03	2	232-9.74	1
P24385	CCND1	286	286-0.00, 287-3.87	2		0
P24385	CCND1	288	286-5.75, 287-3.83, 290-6.65	3		0
P24821	TNC	81	76-8.70, 79-5.73	2		0
P24821	TNC	1018	1016-6.01	1		0
P24821	TNC	1261	1260-3.82	1		0
P24821	TNC	1310	1309-3.87	1		0
P24863	CCNC	30	25-9.11	1		0
P24864	CCNE1	381	376-8.54, 379-5.45, 385-6.35, 386-8.78	4		0
P25106	ACKR3	347	345-5.47, 352-8.81	2		0
P25106	ACKR3	350	345-8.72, 352-5.52	2		0
P25106	ACKR3	352	352-0.00	1		0
P25106	ACKR3	354	352-5.46	1		0
P25106	ACKR3	355	352-5.18	1		0
P25445	FAS	246	250-6.01	1	259-7.35, 273-9.32, 278-8.87	3
P25445	FAS	263	261-5.45	1		0
P25445	FAS	287	283-8.09, 285-6.93, 290-5.87	3	228-6.38	1
P25445	FAS	288	285-8.16, 290-6.11	2	228-8.48	1
P25445	FAS	291	290-3.86, 294-5.12	2	228-8.46, 285-9.74	2
P25445	FAS	293	290-5.15, 294-3.85	2	285-8.74	1
P25685	DNAJB1	16	18-5.32	1		0
P25685	DNAJB1	21	18-5.09	1		0
P26038	MSN	380	381-3.87	1		0
P26038	MSN	384	381-5.14	1		0
P26038	MSN	388	393-8.59	1	435-9.85	1
P26038	MSN	391	393-5.32	1		0
P26038	MSN	407	408-3.88	1		0
P26038	MSN	412	408-9.69	1		0
P26038	MSN	504	503-3.85, 508-7.02	2		0
P26038	MSN	558	553-6.01, 557-3.85, 560-5.43, 561-5.04	4		0
P26038	MSN	576	573-4.84	1		0
P26196	DDX6	375	373-5.46, 375-0.00	2		0
P26232	CTNNA2	2	3-3.82	1		0
P26232	CTNNA2	3	3-0.00	1		0
P26232	CTNNA2	6	3-8.76	1		0
P26232	CTNNA2	15	14-3.87	1	136-7.82	1
P26232	CTNNA2	151	147-6.10, 151-0.00	2		0
P26232	CTNNA2	321	323-5.54	1		0
P26232	CTNNA2	415	420-8.96	1		0
P26232	CTNNA2	417	420-4.86, 422-8.40	2		0
P26232	CTNNA2	535	532-5.61	1		0
P26232	CTNNA2	651	650-3.87	1		0
P26232	CTNNA2	653	650-8.86	1		0
P26232	CTNNA2	654	650-8.37	1		0
P26232	CTNNA2	667	668-3.84, 669-5.30	2	673-9.87	1
P26232	CTNNA2	796	793-8.54	1		0
P26232	CTNNA2	939	939-0.00	1		0
P27540	ARNT	58	58-0.00	1		0
P27635	RPL10	57	56-3.83	1		0
P27635	RPL10	61	66-8.68	1	97-9.40, 160-9.45	2
P27635	RPL10	74	70-5.99	1		0
P27635	RPL10	75	70-8.71	1		0
P27635	RPL10	101	98-9.36	1		0
P27635	RPL10	156	153-5.28, 155-3.88, 157-3.86, 160-8.30	4		0
P27635	RPL10	158	153-9.69, 155-5.59, 157-3.87, 160-6.93	4	66-9.12	1
P27797	CALR	231	234-8.94	1	275-9.36	1
P27797	CALR	238	234-9.48, 239-3.83	2		0
P28340	POLD1	581	582-3.81	1		0
P28340	POLD1	648	649-3.83	1		0
P28340	POLD1	653	649-4.51	1		0
P28340	POLD1	885	886-3.82	1		0
P28340	POLD1	897	895-7.29	1		0
P29320	EPHA3	513	512-3.84	1		0
P29320	EPHA3	521	523-6.41	1		0
P29320	EPHA3	601	603-6.55	1		0
P29320	EPHA3	602	603-3.84	1		0
P29320	EPHA3	701	698-8.97	1		0
P29320	EPHA3	742	745-9.40	1	769-7.99, 802-8.50	2
P29320	EPHA3	768	769-3.86	1	745-6.42, 746-8.50	2
P29350	PTPN6	26		0	98-4.36, 477-8.00	2
P29350	PTPN6	97	98-3.82	1		0
P29350	PTPN6	360	362-7.14	1		0
P29350	PTPN6	391	389-7.34	1		0
P29590	PML	560	561-3.21	1		0
P29590	PML	561	561-0.00	1		0
P29590	PML	562	561-3.86	1		0
P29992	GNA11	183	183-0.00	1		0
P30279	CCND2	173	175-5.68	1	214-8.88	1
P30279	CCND2	280	278-5.47, 280-0.00, 282-6.09	3		0
P30279	CCND2	282	278-7.62, 280-6.09, 282-0.00, 285-8.92, 286-8.15	5		0
P30281	CCND3	263	260-5.29, 261-5.55, 263-0.00, 265-6.32, 266-9.54	5		0
P30281	CCND3	264	260-7.12, 261-6.13, 263-3.87, 265-3.87, 266-6.56	5		0
P30622	CLIP1	180	178-7.44	1		0
P30622	CLIP1	200	200-0.00	1		0
P30622	CLIP1	596	594-5.51	1		0
P31040	SDHA	250	248-7.21	1		0
P31040	SDHA	361	364-8.12	1		0
P31040	SDHA	365	364-3.83	1		0
P31040	SDHA	507	509-5.51, 512-8.63	2		0
P31040	SDHA	509	509-0.00, 512-5.05	2	564-8.61	1
P31040	SDHA	512	509-5.05, 512-0.00	2	564-9.63, 567-9.60, 572-8.43	3
P31040	SDHA	530	531-3.86	1	522-9.21, 583-8.70	2
P31040	SDHA	550	553-9.74	1	509-9.63	1
P31040	SDHA	585	583-5.69, 584-3.87, 585-0.00, 589-9.48	4	593-9.83	1
P31040	SDHA	589	585-9.48, 589-0.00, 591-6.30, 593-6.42	4		0
P31151	S100A7	100	100-0.00	1		0
P31314	TLX1	236	231-8.63, 233-5.22, 236-0.00	3	230-9.89, 242-8.35	2
P31749	AKT1	39	40-3.83	1	52-6.93	1
P31749	AKT1	326	322-9.53, 323-8.56	2	52-9.89	1
P31751	AKT2	14	17-9.22	1		0
P31751	AKT2	20	17-6.31	1		0
P31751	AKT2	475	474-3.85	1		0
P31751	AKT2	476	474-7.11	1		0
P31751	AKT2	478	480-6.09	1		0
P31939	ATIC	66	61-8.86	1		0
P31939	ATIC	199	201-5.46	1		0
P31939	ATIC	264	262-7.07	1		0
P31939	ATIC	461	462-3.84	1	467-9.78	1
P31939	ATIC	464	462-5.49, 467-4.96, 469-9.05	3	492-7.74, 495-5.93, 497-9.97	3
P33076	CIITA	959	956-9.29	1		0
P33176	KIF5B	2	5-8.42	1		0
P35125	USP6	1147	1148-3.49	1		0
P35222	CTNNB1	29	32-7.70, 33-9.32	2		0
P35222	CTNNB1	30	32-5.39, 33-8.37	2		0
P35222	CTNNB1	33	32-3.79, 33-0.00, 34-3.87, 35-5.67, 36-8.08	5		0
P35222	CTNNB1	37	34-8.91, 35-5.59, 36-3.85, 37-0.00, 41-9.41	5		0
P35222	CTNNB1	41	37-9.41, 41-0.00, 45-9.90	3		0
P35222	CTNNB1	45	41-9.90, 45-0.00	2		0
P35222	CTNNB1	47	45-5.47	1		0
P35222	CTNNB1	158	153-8.59	1		0
P35222	CTNNB1	331	336-7.83	1	337-7.27	1
P35222	CTNNB1	332	336-7.98, 337-7.04	2		0
P35222	CTNNB1	333	336-5.53, 337-6.30	2		0
P35222	CTNNB1	335	336-3.85, 337-5.55	2	294-9.53	1
P35222	CTNNB1	384	385-3.85, 389-8.68	2		0
P35222	CTNNB1	393	389-6.70	1		0
P35222	CTNNB1	394	389-9.81	1		0
P35222	CTNNB1	472	471-3.87	1	517-6.75	1
P35222	CTNNB1	473	471-5.74	1	517-8.69	1
P35222	CTNNB1	574	577-5.03	1	537-8.15	1
P35222	CTNNB1	619	621-5.53	1	655-7.47	1
P35222	CTNNB1	625	621-8.76	1		0
P35222	CTNNB1	654	655-3.84	1		0
P35240	NF2	415	418-9.80	1		0
P35240	NF2	419	418-3.85	1		0
P35268	RPL22	101	97-6.78, 101-0.00	2	88-7.97, 111-8.26, 113-5.33	3
P35268	RPL22	106	108-5.36, 110-6.93, 111-9.23	3		0
P35453	HOXD13	313	308-8.66, 310-5.47, 313-0.00	3	283-9.43	1
P35579	MYH9	8	9-3.88	1		0
P35579	MYH9	11	9-6.18	1		0
P35579	MYH9	90		0	1436-9.54	1
P35579	MYH9	261	263-5.34	1		0
P35579	MYH9	373	377-6.18	1		0
P35579	MYH9	375	377-5.59	1	384-9.67	1
P35579	MYH9	383	384-3.83	1		0
P35579	MYH9	391	393-6.54	1	384-9.74	1
P35579	MYH9	637	639-7.03	1		0
P35579	MYH9	810	814-6.11	1		0
P35579	MYH9	819	814-8.57	1		0
P35579	MYH9	1009	1014-7.26	1		0
P35579	MYH9	1024	1019-7.58	1		0
P35579	MYH9	1114	1114-0.00	1		0
P35579	MYH9	1357	1360-5.17	1		0
P35579	MYH9	1435	1436-3.87	1		0
P35579	MYH9	1441	1436-8.59	1		0
P35579	MYH9	1511	1512-3.87	1		0
P35579	MYH9	1512	1512-0.00	1		0
P35579	MYH9	1513	1512-3.86	1		0
P35579	MYH9	1519	1522-5.09	1		0
P35579	MYH9	1525	1522-4.66	1		0
P35579	MYH9	1638	1635-4.97	1		0
P35579	MYH9	1677	1681-5.37	1		0
P35579	MYH9	1840	1838-5.70	1		0
P35579	MYH9	1892	1892-0.00	1		0
P35579	MYH9	1915	1912-4.99, 1916-3.87	2		0
P35579	MYH9	1916	1912-6.04, 1916-0.00	2		0
P35579	MYH9	1918	1916-5.92	1	1912-9.77	1
P35579	MYH9	1920	1916-6.89	1		0
P35637	FUS	54	53-3.87	1		0
P35637	FUS	277	278-3.66	1		0
P35637	FUS	286	287-3.82	1		0
P35637	FUS	485	486-3.10	1		0
P35637	FUS	487	486-3.87, 489-7.40	2		0
P35637	FUS	491	489-6.68	1		0
P35637	FUS	518	517-3.88, 519-3.86, 522-6.53	3		0
P35637	FUS	521	517-6.51, 519-5.31, 522-3.84	3		0
P35637	FUS	522	517-9.19, 519-5.37, 522-0.00	3		0
P35637	FUS	524	519-9.73, 522-6.34	2		0
P35658	NUP214	1021	1020-3.87	1		0
P35659	DEK	84	87-9.61	1		0
P35659	DEK	251	250-3.85, 252-3.84	2		0
P35659	DEK	287	288-3.83, 289-7.00	2		0
P35659	DEK	288	288-0.00, 289-3.83	2		0
P35659	DEK	289	288-3.83, 289-0.00	2		0
P35659	DEK	290	288-6.83, 289-3.35	2		0
P35749	MYH11	8	10-5.44	1		0
P35749	MYH11	547	551-6.08	1		0
P35749	MYH11	548	551-5.00	1		0
P35749	MYH11	604	601-5.10	1		0
P35749	MYH11	718	716-6.57	1		0
P35749	MYH11	826	822-6.07	1		0
P35749	MYH11	883	884-3.85	1		0
P35749	MYH11	1009	1008-3.85	1		0
P35749	MYH11	1088	1083-8.11, 1086-5.38	2		0
P35749	MYH11	1189	1192-4.95	1		0
P35749	MYH11	1367	1371-6.59	1		0
P35749	MYH11	1368	1371-5.42	1		0
P35749	MYH11	1484	1489-8.50	1		0
P35749	MYH11	1487	1489-5.47	1		0
P35749	MYH11	1558	1553-8.37	1		0
P35916	FLT4	411	410-3.82	1		0
P35916	FLT4	830	829-3.88	1		0
P35916	FLT4	1068	1070-5.95	1		0
P35916	FLT4	1235	1238-9.51	1		0
P35968	KDR	975	973-7.26	1		0
P35968	KDR	982	979-9.96	1		0
P35968	KDR	996	992-9.52	1		0
P35968	KDR	1054	1051-9.14	1		0
P35968	KDR	1055	1051-8.81	1		0
P35968	KDR	1175	1174-3.86	1		0
P35968	KDR	1231	1229-6.43, 1234-7.81	2		0
P36888	FLT3	589	592-9.42	1	579-6.03	1
P36888	FLT3	591	592-3.82, 594-9.27	2	577-6.40, 579-4.63	2
P36888	FLT3	597	592-9.85, 594-5.16	2	663-6.82	1
P36888	FLT3	599	594-9.78	1	663-6.16	1
P36888	FLT3	614	617-9.17	1	627-7.67	1
P36888	FLT3	623	618-4.11	1	617-5.62, 835-9.86	2
P36888	FLT3	630	627-9.69	1		0
P36888	FLT3	840	839-3.85, 842-5.41, 843-6.99	3		0
P36888	FLT3	842	839-5.89, 842-0.00, 843-3.82, 845-9.23	4	835-9.99	1
P36888	FLT3	993	991-7.29, 993-0.00	2		0
P37173	TGFBR2	264	265-3.82	1		0
P37173	TGFBR2	352	348-5.79	1		0
P37173	TGFBR2	381	381-0.00	1		0
P37173	TGFBR2	470	471-3.81	1		0
P37173	TGFBR2	548	543-8.83, 544-6.30, 545-5.10, 549-3.86, 550-5.57, 551-5.28, 553-9.51	7		0
P37173	TGFBR2	551	549-5.57, 550-3.85, 551-0.00, 553-5.71, 554-6.50	5		0
P37173	TGFBR2	553	549-7.18, 550-5.44, 551-5.71, 553-0.00, 554-3.85, 555-6.28	6		0
P37173	TGFBR2	556	553-8.73, 554-6.77, 555-3.81	3		0
P37173	TGFBR2	562	562-0.00	1		0
P37173	TGFBR2	566	567-3.76	1		0
P37231	PPARG	78	79-3.82	1		0
P37275	ZEB1	324	326-7.07	1		0
P37275	ZEB1	335	334-3.72	1		0
P37275	ZEB1	955	953-5.72	1		0
P37275	ZEB1	1016	1016-0.00	1		0
P37275	ZEB1	1018	1016-7.28	1		0
P37275	ZEB1	1022	1023-3.77	1		0
P38398	BRCA1	868	866-5.49	1		0
P38398	BRCA1	1202	1203-3.33	1		0
P39748	FEN1	255	254-3.87, 260-8.79	2		0
P39748	FEN1	335	333-5.63	1		0
P39748	FEN1	336	333-8.87, 339-7.55	2		0
P39880	CUX1	432	432-0.00	1		0
P39880	CUX1	467	465-7.05	1		0
P39880	CUX1	611	613-5.50	1		0
P39880	CUX1	811	812-3.48	1		0
P40238	MPL	546	550-7.23	1		0
P40238	MPL	553	550-9.95, 551-7.12, 554-3.31	3		0
P40337	VHL	68	65-8.70	1	115-8.26	1
P40337	VHL	72	74-6.17	1	111-5.14, 115-9.22, 144-9.59	3
P40337	VHL	79	78-3.85, 80-3.84, 82-8.66	3	130-9.56, 151-5.50	2
P40337	VHL	80	78-5.41, 80-0.00, 82-5.36	3	121-9.52, 128-8.48, 151-6.45	3
P40337	VHL	111	111-0.00, 115-6.86	2	74-6.59, 88-9.60	2
P40337	VHL	112	111-3.84, 115-5.65	2	65-8.97, 74-8.99	2
P40337	VHL	159	158-3.87, 161-5.54, 162-5.23	3	184-9.77	1
P40337	VHL	168	165-5.14, 169-3.86	2	162-9.96	1
P40337	VHL	171	169-6.87	1		0
P40337	VHL	175	178-5.72	1	184-9.02, 188-7.08	2
P40337	VHL	183	184-3.85, 188-8.85	2		0
P40337	VHL	185	184-3.85, 188-5.06	2	178-8.24	1
P40337	VHL	202	205-5.16	1		0
P40424	PBX1	379	375-6.09, 376-4.84, 379-0.00, 382-6.87	4		0
P40692	MLH1	70	67-9.49	1		0
P40692	MLH1	386	385-3.83	1		0
P40692	MLH1	388	385-7.62	1		0
P40692	MLH1	406	405-3.22	1		0
P40692	MLH1	477	474-9.80	1		0
P40763	STAT3	49	53-6.15	1		0
P40763	STAT3	153	152-3.85	1		0
P40763	STAT3	283	278-8.56	1		0
P40763	STAT3	409	410-3.84	1		0
P40763	STAT3	539	538-3.84	1		0
P40763	STAT3	601	598-5.23	1	672-9.64	1
P40763	STAT3	674	672-6.30	1	598-8.54	1
P40763	STAT3	691	693-6.36	1		0
P40818	USP8	400	402-7.46	1		0
P40818	USP8	641	640-3.85	1		0
P40818	USP8	717	720-8.74	1		0
P40818	USP8	718	720-6.92	1		0
P40818	USP8	719	720-3.88	1		0
P40818	USP8	723	720-8.90	1		0
P41161	ETV5	89	90-3.83	1		0
P41161	ETV5	468	465-8.66, 470-5.35	2		0
P41182	BCL6	157	158-3.91	1		0
P41182	BCL6	379	382-4.95	1		0
P41182	BCL6	385	382-5.24	1		0
P41182	BCL6	597	594-4.95	1		0
P41212	ETV6	11	14-9.73	1		0
P41212	ETV6	16	14-6.38	1		0
P41212	ETV6	17	14-9.89	1		0
P41212	ETV6	213	214-3.92	1		0
P41212	ETV6	284	284-0.00	1		0
P41212	ETV6	384	380-6.22	1	378-9.82	1
P41212	ETV6	393	392-3.86, 396-5.84, 397-8.24, 398-9.81	4		0
P41212	ETV6	401	396-8.84, 397-6.25, 398-4.98, 399-5.38, 400-3.86, 401-0.00, 404-5.07	7	407-5.41, 420-9.67	2
P41212	ETV6	402	397-8.91, 398-6.65, 399-5.24, 400-5.35, 401-3.88, 404-5.47, 407-5.50	7	420-9.11	1
P41212	ETV6	403	398-9.34, 399-7.15, 400-5.44, 401-5.53, 404-3.85, 407-8.74	6		0
P42345	MTOR	384	384-0.00	1		0
P42345	MTOR	567	571-9.27	1		0
P42345	MTOR	880	881-3.87	1		0
P42345	MTOR	1465	1460-8.62	1		0
P42345	MTOR	1635	1630-8.80	1		0
P42345	MTOR	1804	1799-8.63	1		0
P42345	MTOR	1847	1845-7.06	1		0
P42345	MTOR	1893	1888-8.57, 1890-5.14	2		0
P42345	MTOR	2218	2215-5.10	1		0
P42345	MTOR	2442	2441-3.56	1		0
P42345	MTOR	2444	2441-9.85	1		0
P42345	MTOR	2471	2471-0.00	1		0
P42345	MTOR	2473	2471-6.91	1		0
P42345	MTOR	2496	2500-6.44, 2501-8.75	2		0
P42566	EPS15	234	237-7.05	1		0
P42566	EPS15	304	301-9.45	1		0
P42568	MLLT3	321	320-3.84, 321-0.00	2		0
P42574	CASP3	105	101-6.50, 108-8.60	2	143-9.00, 147-8.49	2
P42574	CASP3	150	147-9.11, 153-8.68	2	108-4.94, 111-8.42, 112-9.80, 143-9.48	4
P42574	CASP3	152	147-8.89, 153-3.86	2	108-9.63, 143-8.58, 192-7.91	3
P42680	TEC	233	234-3.83	1		0
P42684	ABL2	96	94-6.13	1		0
P42684	ABL2	231	235-8.17	1		0
P42684	ABL2	683	684-3.89	1		0
P42684	ABL2	959	958-3.80	1		0
P42684	ABL2	968	968-0.00	1		0
P42684	ABL2	969	968-3.84	1		0
P42702	LIFR	303	302-3.82	1		0
P42702	LIFR	866	862-6.27	1		0
P42768	WAS	291	292-3.86	1		0
P42768	WAS	321	321-0.00	1		0
P42768	WAS	338	338-0.00	1		0
P42768	WAS	483	478-8.22, 480-5.74, 486-8.08	3		0
P42768	WAS	484	480-8.42, 486-6.98	2		0
P43146	DCC	115	113-6.47	1		0
P43146	DCC	1073	1071-6.47	1		0
P43146	DCC	1074	1071-9.39	1		0
P43146	DCC	1267	1266-3.82, 1270-9.26	2		0
P43246	MSH2	871	871-0.00	1	856-8.07	1
P43246	MSH2	872	871-3.83	1		0
P43268	ETV4	73	72-3.84	1		0
P43405	SYK	44	42-6.59	1		0
P43405	SYK	334	338-6.28	1		0
P43405	SYK	364	362-5.48	1	422-9.34	1
P43405	SYK	579	578-3.86, 580-3.85	2		0
P43405	SYK	582	578-6.32, 580-5.50, 586-6.26	3		0
P43405	SYK	587	586-3.87, 590-8.96	2		0
P43405	SYK	629	625-6.37, 627-5.43, 633-6.25	3		0
P43405	SYK	630	625-8.62, 627-4.91, 633-5.46	3		0
P43405	SYK	631	627-6.04, 633-5.66	2		0
P46100	ATRX	74	76-6.95	1		0
P46100	ATRX	385	390-8.38	1		0
P46100	ATRX	388	390-5.58	1		0
P46100	ATRX	601	602-3.18	1		0
P46100	ATRX	656	654-7.23	1		0
P46100	ATRX	783	781-7.11	1		0
P46100	ATRX	805	806-3.26	1		0
P46100	ATRX	806	806-0.00	1		0
P46100	ATRX	897	898-3.67, 899-6.15	2		0
P46100	ATRX	1009	1007-6.30	1		0
P46100	ATRX	1063	1065-6.51	1		0
P46100	ATRX	1066	1065-3.23	1		0
P46100	ATRX	1488	1484-5.60	1		0
P46100	ATRX	1584	1585-3.85	1		0
P46100	ATRX	1825	1826-3.88	1		0
P46100	ATRX	1924	1924-0.00	1		0
P46100	ATRX	1928	1930-7.15	1		0
P46100	ATRX	2076	2079-9.83	1		0
P46100	ATRX	2083	2079-5.31	1		0
P46100	ATRX	2158		0	2131-9.53	1
P46100	ATRX	2282	2281-3.89	1		0
P46100	ATRX	2283	2281-5.54	1		0
P46531	NOTCH1	1725		0	1574-9.13	1
P46531	NOTCH1	2323	2327-9.98	1		0
P46777	RPL5	2	3-3.83	1		0
P46777	RPL5	5	3-6.68	1		0
P46777	RPL5	207	207-0.00, 208-3.84, 209-5.46	3		0
P46777	RPL5	209	207-5.46, 208-3.87, 209-0.00	3		0
P46777	RPL5	219	222-5.41, 223-5.64	2	207-9.14, 208-6.73, 209-8.88, 226-9.89	4
P46777	RPL5	220	222-5.93, 223-5.60	2	208-9.87, 226-9.13	2
P46777	RPL5	221	222-3.85, 223-5.78	2		0
P46777	RPL5	228	223-8.65, 226-5.42, 231-7.90	3		0
P48735	IDH2	133	137-7.20	1		0
P48735	IDH2	134	137-5.11	1		0
P48735	IDH2	138	137-3.86, 140-5.73	2		0
P48735	IDH2	272	268-6.22	1		0
P48735	IDH2	275	277-5.64, 279-6.04, 280-8.50	3		0
P48735	IDH2	280	277-4.89, 279-3.89, 280-0.00, 282-5.49	4		0
P48735	IDH2	282	277-8.50, 279-4.98, 280-5.49, 282-0.00	4		0
P48735	IDH2	413	411-6.89, 416-5.08, 417-5.89	3	421-9.84, 434-9.18	2
P49589	CARS1	48	50-6.46	1		0
P49589	CARS1	148	145-5.44	1		0
P49711	CTCF	224	226-6.89	1		0
P49711	CTCF	287	283-7.16, 284-5.03	2		0
P49711	CTCF	289	284-9.25	1		0
P49711	CTCF	317	320-8.81	1		0
P49711	CTCF	319	320-3.82	1		0
P49711	CTCF	343	339-6.24, 341-5.51	2		0
P49711	CTCF	346	341-6.20	1		0
P49711	CTCF	352	354-6.63, 356-8.30	2		0
P49711	CTCF	374	371-4.93, 377-8.99	2		0
P49711	CTCF	449	448-3.87	1		0
P49711	CTCF	450	448-5.45	1		0
P49711	CTCF	496	494-6.20	1		0
P49711	CTCF	518	515-4.96, 516-5.75, 519-3.87	3		0
P49711	CTCF	526	524-6.56	1		0
P49711	CTCF	563	566-9.10	1		0
P49711	CTCF	565	566-3.88	1	552-6.89	1
P49711	CTCF	569	566-5.58	1		0
P49711	CTCF	604	603-3.78	1		0
P49711	CTCF	689	687-5.97	1		0
P49802	RGS7	38	33-9.71, 36-5.62, 37-3.87, 40-5.92, 42-8.99	5		0
P49802	RGS7	241	241-0.00	1		0
P49802	RGS7	434	437-5.13	1	351-7.58, 357-9.84, 360-9.82	3
P49815	TSC2	540	537-8.97	1		0
P49815	TSC2	914	917-5.30	1		0
P49815	TSC2	981	978-5.55	1		0
P49815	TSC2	1269	1268-3.68	1		0
P49815	TSC2	1760	1757-5.17, 1759-3.87	2		0
P49915	GMPS	159	158-3.84	1		0
P49915	GMPS	676	673-8.80, 677-3.86	2	619-5.53	1
P50148	GNAQ	183	183-0.00	1		0
P50148	GNAQ	252	247-8.75, 248-6.17, 254-5.42, 256-6.16	4		0
P50219	MNX1	342	344-6.15	1		0
P50570	DNM2	113	114-3.86	1		0
P50570	DNM2	116	114-7.09	1		0
P50570	DNM2	240	237-7.89	1		0
P50570	DNM2	286	290-6.45	1		0
P50570	DNM2	292	290-5.51, 296-6.17	2		0
P50570	DNM2	299	296-5.10	1		0
P50570	DNM2	315	318-8.40	1		0
P50570	DNM2	357	361-6.39	1		0
P50570	DNM2	414	410-6.04	1		0
P50570	DNM2	532	537-7.13	1		0
P50570	DNM2	862	862-0.00, 865-8.66	2		0
P51532	SMARCA4	626	626-0.00	1		0
P51532	SMARCA4	837	839-5.30	1		0
P51532	SMARCA4	850	845-8.50	1		0
P51532	SMARCA4	1033	1030-8.28	1		0
P51532	SMARCA4	1081	1080-3.85	1		0
P51532	SMARCA4	1219	1224-8.84	1		0
P51532	SMARCA4	1221	1224-5.14, 1226-8.84	2		0
P51532	SMARCA4	1227	1224-5.29, 1226-3.88	2	946-9.42, 1250-7.39	2
P51532	SMARCA4	1379	1382-8.61	1		0
P51532	SMARCA4	1380	1382-5.86	1		0
P51532	SMARCA4	1382	1382-0.00	1		0
P51532	SMARCA4	1386		0	1037-9.51	1
P51532	SMARCA4	1497	1502-8.90	1	1538-9.62	1
P51826	AFF3	310	307-5.07	1		0
P51826	AFF3	921	919-6.91, 923-7.42	2		0
P51826	AFF3	954	956-6.74	1		0
P51826	AFF3	957	956-3.84	1		0
P52333	JAK3	15	14-3.63	1		0
P52333	JAK3	17	14-7.17	1		0
P52333	JAK3	652	651-3.87	1		0
P52333	JAK3	855	857-7.11	1		0
P52333	JAK3	886	887-3.85	1	815-8.53	1
P52333	JAK3	1120	1122-7.04	1		0
P52701	MSH6	261	264-9.49	1		0
P52701	MSH6	305	306-3.82	1		0
P52701	MSH6	309	306-9.97	1		0
P52701	MSH6	957	959-5.68	1		0
P52701	MSH6	1009	1013-6.53	1		0
P52701	MSH6	1010	1013-5.26	1		0
P52701	MSH6	1014	1013-3.86	1		0
P52701	MSH6	1092	1095-9.04	1		0
P52701	MSH6	1101	1101-0.00	1		0
P52701	MSH6	1240	1242-6.81	1		0
P52926	HMGA2	44	41-7.11, 47-8.17	2		0
P53675	CLTCL1	394	396-5.34	1		0
P53675	CLTCL1	477	481-6.50	1		0
P53675	CLTCL1	963	965-6.21	1		0
P53675	CLTCL1	966	965-3.87	1		0
P53675	CLTCL1	989	989-0.00	1		0
P53675	CLTCL1	1168	1165-8.76	1		0
P54098	POLG	383	386-5.03	1		0
P54277	PMS1	905	901-6.21, 904-3.86, 906-3.84	3	912-9.48	1
P54278	PMS2	413	415-7.40	1		0
P54278	PMS2	485	485-0.00	1		0
P54278	PMS2	624	624-0.00	1		0
P54278	PMS2	748	745-5.06, 750-5.57	2	714-9.38	1
P54278	PMS2	766	763-7.70, 769-9.60	2	756-7.72	1
P54278	PMS2	777	779-6.68	1		0
P55196	AFDN	1275	1273-6.96	1		0
P55196	AFDN	1512	1509-9.08	1		0
P55197	MLLT10	686	688-7.41	1		0
P55199	ELL	519	519-0.00, 522-4.88	2		0
P55199	ELL	561	558-7.88	1		0
P55211	CASP9	189	188-3.87, 191-5.58, 193-6.11	3		0
P55211	CASP9	195	191-6.04, 193-5.40	2		0
P55211	CASP9	196	191-8.64, 193-5.15	2		0
P55287	CDH11	788	790-5.68	1	769-8.13	1
P55287	CDH11	791	790-3.82	1		0
P55317	FOXA1	223	226-7.70	1		0
P55317	FOXA1	264	261-8.88	1		0
P60228	EIF3E	2	3-3.89	1		0
P60484	PTEN	6	6-0.00, 10-6.23	2	24-8.05, 47-5.83	2
P60484	PTEN	13	10-5.44, 14-3.83, 15-6.25	3	24-7.29, 36-9.61, 126-9.07, 127-8.72, 159-5.93, 165-8.72	6
P60484	PTEN	27	27-0.00	1	14-9.54, 159-8.06	2
P60484	PTEN	46	43-5.98, 44-5.47, 47-3.88, 48-7.06	4	10-8.98	1
P60484	PTEN	60	61-3.86	1		0
P60484	PTEN	62	61-3.86	1		0
P60484	PTEN	66	61-9.68, 68-6.79	2		0
P60484	PTEN	68	68-0.00, 71-9.32	2	123-6.24, 124-8.57, 134-9.96	3
P60484	PTEN	80	85-9.64	1		0
P60484	PTEN	125	123-6.84, 124-3.85, 126-3.85, 127-5.92, 128-8.07, 129-9.40, 130-8.52	7	36-5.68, 38-8.67, 47-9.17, 71-6.61, 92-7.84	5
P60484	PTEN	128	123-8.29, 124-7.50, 126-5.39, 127-3.86, 128-0.00, 129-3.87, 130-6.03, 131-5.46, 132-5.68	9	10-9.93, 36-7.89, 93-9.79, 155-9.20, 159-7.66, 165-5.85	6
P60484	PTEN	138	134-6.22, 136-5.46, 137-3.86, 142-6.20	4	101-8.25, 132-9.79	2
P60484	PTEN	155	153-5.44, 155-0.00, 159-5.73	3	132-6.53, 136-6.98, 165-6.10	3
P60484	PTEN	163	159-7.72, 162-3.89, 165-5.85, 167-9.32	4	155-8.06	1
P60484	PTEN	164	159-8.49, 162-5.35, 165-3.87, 167-5.99	4	129-9.16, 155-8.90	2
P60484	PTEN	174	170-6.56, 171-5.49, 173-3.84, 174-0.00	4	101-8.83, 134-9.43, 136-9.99	3
P60484	PTEN	176	171-9.10, 173-4.96, 174-5.32, 181-8.76	4	136-9.68, 170-9.84	2
P60484	PTEN	177	173-6.04, 174-4.79, 181-6.46	3		0
P60484	PTEN	178	173-8.62, 174-6.09, 181-5.15	3	101-7.52, 136-9.61	2
P60484	PTEN	179	174-8.42, 181-5.55	2	136-9.42	1
P60484	PTEN	180	181-3.84	1	174-9.60	1
P60484	PTEN	254	252-6.90	1	170-9.54	1
P60484	PTEN	319	320-3.84	1	342-6.76	1
P60484	PTEN	321	320-3.84, 325-6.86	2	342-4.35	1
P60484	PTEN	327	325-6.32	1	271-5.07	1
P60484	PTEN	336	341-9.91	1		0
P61244	MAX	24	28-6.19	1		0
P61244	MAX	40	35-8.68, 36-6.12, 38-5.41, 41-3.84, 42-5.46	5	46-9.84, 60-9.30	2
P61244	MAX	42	38-6.30, 41-3.86, 42-0.00, 46-6.09, 47-8.60	5	36-9.82	1
P61244	MAX	49	46-5.13, 47-5.44, 51-6.42	3		0
P61244	MAX	57	60-9.92	1		0
P61244	MAX	59	60-3.86	1		0
P61586	RHOA	7	5-6.92	1	57-6.23, 75-9.39	2
P61586	RHOA	19	17-5.61, 20-3.84, 22-5.20	3	34-9.08, 40-8.54, 59-6.34, 161-9.27	4
P61586	RHOA	26	22-6.02	1	20-9.87, 42-7.17, 57-8.88, 168-9.98	4
P61586	RHOA	27	22-8.28	1	42-9.46	1
P61586	RHOA	34	34-0.00	1	17-9.19, 20-8.75	2
P61586	RHOA	37	34-8.98, 40-7.20	2	59-7.52, 62-7.77	2
P61586	RHOA	41	40-3.82, 42-3.80	2	22-9.39, 57-5.66, 59-6.04	3
P61586	RHOA	42	40-6.90, 42-0.00	2	22-7.70, 57-4.94, 59-7.93	3
P61586	RHOA	60	57-9.85, 59-3.82, 62-6.45	3	40-6.87, 69-9.11	2
P61586	RHOA	66	62-7.61, 69-5.09	2		0
P61586	RHOA	104	106-5.71	1		0
P61586	RHOA	118	118-0.00	1	17-7.44, 161-6.63, 164-9.84	3
P61586	RHOA	119	118-3.84	1	161-8.59	1
P61769	B2M	4	2-5.31	1		0
P62258	YWHAE	12	11-3.88, 15-5.01	2		0
P62633	CNBP	47	47-0.00	1		0
P62633	CNBP	49	47-5.33	1		0
P63000	RAC1	32	29-7.36, 34-6.55	2	18-8.72	1
P63000	RAC1	39	41-6.94	1	71-9.98	1
P63000	RAC1	64	61-5.92, 63-3.86, 68-5.85, 69-9.02	4		0
P63000	RAC1	71	68-5.87, 69-5.22, 71-0.00, 73-6.08	4		0
P63092	GNAS	335	335-0.00	1		0
P63092	GNAS	338	335-5.47, 341-5.28	2		0
P63092	GNAS	339	335-6.09, 341-5.39	2		0
P67936	TPM4	87	90-4.95	1		0
P67936	TPM4	92	90-5.55, 95-5.04	2		0
P67936	TPM4	100	95-8.72	1		0
P67936	TPM4	153	155-5.37	1		0
P67936	TPM4	201	196-8.62, 206-8.62	2	195-9.89	1
P78324	SIRPA	453	450-9.65	1		0
P78545	ELF3	264	262-6.30	1		0
P78545	ELF3	356	353-9.73, 354-6.94, 356-0.00, 358-5.60	4		0
P78545	ELF3	362	358-9.59, 360-5.90, 361-3.86, 363-3.83	4	354-9.60	1
P78549	NTHL1	68	65-9.55	1		0
P78549	NTHL1	160	156-8.17, 157-7.77, 163-5.43	3	182-9.50	1
P84022	SMAD3	117	112-8.08	1		0
P84022	SMAD3	264	268-8.12	1		0
P84022	SMAD3	388	386-5.72	1	379-9.46, 382-9.40	2
P84022	SMAD3	412	416-8.52	1		0
P84022	SMAD3	416	416-0.00, 417-3.86, 418-6.49, 420-8.74	4		0
P84022	SMAD3	418	416-6.49, 417-3.85, 418-0.00, 420-6.32	4		0
P84022	SMAD3	422	420-6.48, 423-3.84, 425-5.60	3		0
P84022	SMAD3	423	420-9.37, 423-0.00, 425-6.21	3		0
P84022	SMAD3	425	423-6.21, 425-0.00	2		0
P84103	SRSF3	85	86-3.91, 88-6.49, 90-8.90	3		0
P84103	SRSF3	90	86-6.57, 88-5.92, 90-0.00, 94-9.83	4		0
P84103	SRSF3	95	94-3.80, 96-3.85, 99-7.93, 100-9.11	4		0
P84103	SRSF3	98	94-9.29, 96-6.46, 99-3.81, 100-6.26	4		0
P84243	H3-3B	32	31-3.87, 33-3.86, 35-8.61	3		0
P84243	H3-3B	37	35-6.13, 37-0.00	2	31-9.98	1
P84243	H3-3B	38	35-8.31, 37-3.84, 41-8.53	3		0
P84243	H3-3B	41	41-0.00, 42-3.81	2		0
P84243	H3-3B	42	41-3.81, 42-0.00	2		0
P98175	RBM10	69	71-6.51	1		0
P98175	RBM10	73	71-7.10	1		0
P98175	RBM10	845	846-3.83	1		0
P98177	FOXO4	189	192-7.66	1		0
Q00534	CDK6	86	87-3.80, 88-6.73	2		0
Q00534	CDK6	223	220-9.48	1		0
Q00610	CLTC	227	225-6.86	1		0
Q00610	CLTC	841	844-5.24	1		0
Q00610	CLTC	842	844-5.63	1		0
Q00610	CLTC	899	894-9.73	1		0
Q00610	CLTC	903	907-5.88	1		0
Q00610	CLTC	907	907-0.00	1		0
Q00610	CLTC	911	907-7.55	1		0
Q00653	NFKB2	55	52-9.66	1		0
Q00653	NFKB2	161	160-3.84	1		0
Q00653	NFKB2	277	278-3.86	1		0
Q00653	NFKB2	739	743-6.11	1		0
Q00653	NFKB2	811	808-8.58, 815-8.81, 816-8.81	3	783-9.02	1
Q00653	NFKB2	812	808-8.70, 815-5.24, 816-6.27	3	783-6.59, 784-9.51	2
Q00987	MDM2	246	249-9.33	1		0
Q00987	MDM2	248	249-3.84	1		0
Q00987	MDM2	252	249-9.07	1		0
Q00987	MDM2	259	256-8.80	1		0
Q00987	MDM2	282	284-5.86	1		0
Q00987	MDM2	285	284-3.81	1		0
Q00987	MDM2	287	284-9.10	1		0
Q01105	SET	63	65-5.53	1		0
Q01105	SET	68	65-5.13	1		0
Q01105	SET	72	77-8.86	1		0
Q01105	SET	172	170-6.35	1	152-9.87	1
Q01105	SET	175	176-3.85	1	145-9.29	1
Q01130	SRSF2	66	67-3.85, 69-5.18	2		0
Q01130	SRSF2	94	95-3.87	1		0
Q01130	SRSF2	98	95-7.97	1		0
Q01130	SRSF2	200	200-0.00	1		0
Q01130	SRSF2	204	205-3.88	1		0
Q01130	SRSF2	212	211-3.89	1		0
Q01130	SRSF2	220	218-7.05	1		0
Q01196	RUNX1	14	12-6.42	1		0
Q01196	RUNX1	182	184-5.99	1		0
Q01196	RUNX1	193	198-9.13	1		0
Q01196	RUNX1	199	198-3.85, 201-5.49, 204-8.43	3		0
Q01196	RUNX1	206	201-9.61, 204-5.44	2		0
Q01196	RUNX1	207	204-5.12	1	201-9.42	1
Q01196	RUNX1	230	232-7.09	1		0
Q01196	RUNX1	319	316-9.79	1		0
Q01196	RUNX1	435	437-6.97	1		0
Q01543	FLI1	10	10-0.00	1		0
Q01543	FLI1	13	10-8.68	1		0
Q01543	FLI1	67	68-3.83	1		0
Q01543	FLI1	325	320-8.67, 324-3.87	2		0
Q01543	FLI1	350	355-9.51	1		0
Q01543	FLI1	438	436-7.31, 438-0.00	2		0
Q01831	XPC	711	715-6.14	1		0
Q01844	EWSR1	314	315-3.86	1		0
Q01844	EWSR1	317	315-6.58	1		0
Q01844	EWSR1	417	417-0.00	1		0
Q01844	EWSR1	461	460-3.84	1		0
Q01844	EWSR1	464	466-6.80	1		0
Q01844	EWSR1	563	562-3.85	1		0
Q01844	EWSR1	565	562-9.58, 567-7.17	2		0
Q01844	EWSR1	572	570-5.95, 574-7.33	2		0
Q02297	NRG1	403	406-9.89	1		0
Q02535	ID3	65	64-3.80, 68-5.21, 69-6.43	3	71-9.99	1
Q02548	PAX5	179	183-6.39	1		0
Q02548	PAX5	180	183-5.07	1		0
Q04721	NOTCH2	1708	1708-0.00	1		0
Q04721	NOTCH2	1778	1780-4.97	1		0
Q04721	NOTCH2	2295	2298-7.43	1		0
Q04721	NOTCH2	2296	2298-6.60	1		0
Q04771	ACVR1	203	206-5.75	1		0
Q04864	REL	421	421-0.00	1		0
Q06124	PTPN11	59	60-3.83, 61-5.94	2	506-8.23, 507-7.41, 510-9.99	3
Q06124	PTPN11	62	60-6.10, 61-3.88	2	71-5.78, 72-5.34, 506-6.64, 507-8.98	4
Q06124	PTPN11	63	60-8.29, 61-7.36	2	69-8.52, 71-5.13, 72-6.22, 76-9.65, 506-8.19, 507-9.60	6
Q06124	PTPN11	66	69-7.83	1	42-9.71	1
Q06124	PTPN11	73	71-5.59, 72-3.87, 76-5.21	3	502-7.21, 506-7.89	2
Q06124	PTPN11	80	76-5.91	1	69-9.75	1
Q06124	PTPN11	142	146-8.42	1		0
Q06124	PTPN11	263	265-6.63	1	285-6.28, 502-8.58	2
Q06124	PTPN11	264	265-3.88	1	285-5.79	1
Q06124	PTPN11	280		0	71-8.29	1
Q06124	PTPN11	460	465-8.50	1	61-6.93, 357-6.83	2
Q06124	PTPN11	466	465-3.86	1	61-9.31, 357-9.44, 506-9.87	3
Q06124	PTPN11	511	506-7.99, 507-6.36, 510-3.83, 511-0.00, 514-5.38, 516-9.04	6		0
Q06124	PTPN11	515	510-8.96, 511-6.91, 514-3.84, 516-3.85	4	472-8.39	1
Q06136	KDSR	313	316-5.14	1		0
Q06187	BTK	225	227-6.48	1		0
Q06187	BTK	361	366-8.47	1		0
Q06187	BTK	366	366-0.00	1		0
Q06187	BTK	371	366-5.53	1		0
Q06187	BTK	558	559-3.84	1		0
Q06187	BTK	564	559-8.86	1		0
Q06187	BTK	623	624-3.86, 626-5.20, 627-6.13, 628-8.58	4	658-9.70	1
Q07812	BAX	64	63-3.86, 67-5.08	2		0
Q07812	BAX	85	82-9.43, 88-5.33, 89-9.03	3	124-7.38	1
Q07812	BAX	87	88-3.87, 89-5.46	2		0
Q07812	BAX	135	130-9.12, 131-6.46, 133-5.41, 139-6.31	4	88-9.62, 89-8.55	2
Q07812	BAX	184	180-6.22, 182-5.51, 184-0.00, 186-5.45	4	94-8.18	1
Q07812	BAX	186	182-6.08, 184-5.45, 186-0.00	3	180-9.87	1
Q07864	POLE	425	424-3.88, 426-3.85	2	436-5.96, 465-7.97	2
Q07864	POLE	431	426-8.43	1	465-9.96	1
Q07864	POLE	792	793-3.85	1		0
Q07864	POLE	1155	1159-9.14	1		0
Q07864	POLE	1162	1159-6.24, 1160-6.19	2		0
Q07864	POLE	2023	2025-6.62	1		0
Q08881	ITK	22	20-5.72	1		0
Q08881	ITK	61	59-6.27	1		0
Q08881	ITK	198	193-9.77, 196-6.76	2		0
Q08881	ITK	248	246-5.52	1		0
Q08881	ITK	251	246-8.63	1	257-9.84	1
Q08881	ITK	258	257-3.88	1		0
Q08881	ITK	296	297-3.81	1		0
Q09472	EP300	350	349-3.88	1		0
Q09472	EP300	569	568-3.85	1		0
Q09472	EP300	580	580-0.00	1	613-8.42	1
Q09472	EP300	611	613-5.49	1	587-9.55	1
Q09472	EP300	614	613-3.84	1		0
Q09472	EP300	839	838-3.56	1		0
Q09472	EP300	841	838-9.48	1		0
Q09472	EP300	1167	1164-8.70	1		0
Q09472	EP300	1499	1502-7.84	1		0
Q09472	EP300	1518	1514-6.08	1	1524-9.80	1
Q09472	EP300	1528	1524-6.07	1		0
Q09472	EP300	1632	1627-8.67, 1629-5.07	2		0
Q09472	EP300	1834	1829-8.55	1		0
Q09472	EP300	2315	2317-7.00	1		0
Q09472	EP300	2317	2317-0.00	1		0
Q09472	EP300	2320	2317-9.78	1		0
Q09472	EP300	2366	2368-7.00	1		0
Q10571	MN1	1007	1010-9.53	1		0
Q10571	MN1	1012	1010-6.63	1		0
Q12778	FOXO1	22	22-0.00	1		0
Q12778	FOXO1	24	22-4.88	1		0
Q12778	FOXO1	210	214-6.58	1		0
Q12778	FOXO1	212	214-5.54	1		0
Q12778	FOXO1	218	214-6.51	1	225-8.70	1
Q12778	FOXO1	317	314-9.36, 316-3.85	2		0
Q12778	FOXO1	318	316-6.00	1		0
Q12778	FOXO1	319	316-8.43	1		0
Q12778	FOXO1	550	550-0.00	1		0
Q12824	SMARCB1	94	95-3.84	1		0
Q12824	SMARCB1	314	316-5.59, 318-6.20	2		0
Q12864	CDH17	548	549-3.84	1		0
Q12923	PTPN13	301	302-3.82	1		0
Q12923	PTPN13	302	302-0.00	1		0
Q12923	PTPN13	887	887-0.00	1		0
Q12923	PTPN13	890	887-4.94	1		0
Q13015	MLLT11	84	86-5.57	1		0
Q13017	ARHGAP5	862	862-0.00	1		0
Q13017	ARHGAP5	1060	1057-5.60	1		0
Q13191	CBLB	697	696-3.97	1		0
Q13191	CBLB	763	764-3.96	1		0
Q13206	DDX10	197	200-5.72	1		0
Q13206	DDX10	569	567-6.90	1		0
Q13422	IKZF1	157	158-3.85, 159-5.42, 162-8.60	3		0
Q13422	IKZF1	165	162-5.25	1		0
Q13422	IKZF1	241	243-5.85	1		0
Q13422	IKZF1	258	261-5.46	1		0
Q13422	IKZF1	261	261-0.00	1		0
Q13422	IKZF1	269	271-5.58	1		0
Q13422	IKZF1	273	271-5.51	1		0
Q13422	IKZF1	281	283-6.15	1		0
Q13422	IKZF1	286	283-9.28	1		0
Q13422	IKZF1	301	304-5.15	1		0
Q13422	IKZF1	389	387-6.54	1		0
Q13422	IKZF1	427	425-5.89, 430-9.26	2		0
Q13422	IKZF1	429	430-3.79	1		0
Q13469	NFATC2	236	238-6.58	1		0
Q13469	NFATC2	255	255-0.00	1		0
Q13469	NFATC2	268	271-9.90	1		0
Q13469	NFATC2	274	271-9.72	1		0
Q13469	NFATC2	276	277-3.82	1		0
Q13469	NFATC2	280	277-9.56	1		0
Q13469	NFATC2	346	343-9.47	1		0
Q13485	SMAD4	95	91-6.48, 92-5.48, 95-0.00, 97-5.32	4	130-6.13	1
Q13485	SMAD4	113	118-9.25	1	132-8.58	1
Q13485	SMAD4	122	118-7.50	1		0
Q13485	SMAD4	368	365-8.38	1		0
Q13485	SMAD4	385	386-3.87	1	351-5.01, 363-9.48	2
Q13485	SMAD4	504		0	330-9.81, 406-9.16, 524-4.04	3
Q13485	SMAD4	519	524-8.13	1	330-7.77	1
Q13489	BIRC3	7	7-0.00	1		0
Q13492	PICALM	291	288-9.51	1		0
Q13492	PICALM	537	537-0.00, 538-3.85	2		0
Q13492	PICALM	543	538-9.55, 542-3.85	2		0
Q13535	ATR	177	177-0.00	1		0
Q13535	ATR	459	458-3.86	1		0
Q13535	ATR	1019	1015-6.22	1	1025-7.83	1
Q13535	ATR	1140	1144-8.86	1		0
Q13535	ATR	1185	1181-9.25, 1183-6.87	2		0
Q13535	ATR	2026	2030-6.16	1		0
Q13535	ATR	2106	2103-5.23	1		0
Q13535	ATR	2210	2207-6.35	1		0
Q13535	ATR	2404	2407-5.24	1		0
Q13535	ATR	2589	2593-6.21	1		0
Q13618	CUL3	63	67-6.24	1		0
Q13618	CUL3	68	67-3.89	1		0
Q13618	CUL3	301	299-5.55	1		0
Q13618	CUL3	326	321-8.46	1		0
Q13618	CUL3	425	426-3.85	1	731-9.50	1
Q13635	PTCH1	1195	1192-8.75	1		0
Q13635	PTCH1	1394	1394-0.00	1		0
Q13635	PTCH1	1425	1425-0.00	1		0
Q13772	NCOA4	42	40-5.45	1		0
Q13882	PTK6	446	448-7.13	1		0
Q13882	PTK6	447	448-3.87	1		0
Q13951	CBFB	85	83-5.41, 87-6.64	2	67-8.78, 70-8.34, 99-6.48	3
Q14145	KEAP1	43	45-6.39	1		0
Q14145	KEAP1	97	95-6.53	1		0
Q14145	KEAP1	108	103-8.25	1		0
Q14145	KEAP1	112	117-8.94	1		0
Q14145	KEAP1	131	135-6.33	1	155-8.87	1
Q14145	KEAP1	287	284-5.24	1		0
Q14145	KEAP1	551	554-9.43	1		0
Q14145	KEAP1	599	601-6.30	1	333-9.99	1
Q14145	KEAP1	602	601-3.83, 603-3.85	2	333-5.29, 554-8.88	2
Q14191	WRN	887	889-5.46	1		0
Q14191	WRN	1073	1072-3.89	1		0
Q14202	ZMYM3	53	54-3.83	1		0
Q14202	ZMYM3	172	172-0.00	1		0
Q14202	ZMYM3	297	295-6.63	1		0
Q14202	ZMYM3	439	443-6.13	1		0
Q14202	ZMYM3	1100	1100-0.00	1		0
Q14202	ZMYM3	1123	1126-7.76	1		0
Q14202	ZMYM3	1298	1296-5.41, 1301-4.94	2		0
Q14202	ZMYM3	1306	1301-9.11	1	1331-5.97, 1334-6.65	2
Q14203	DCTN1	145	143-6.88	1		0
Q14203	DCTN1	453	455-5.41	1		0
Q14203	DCTN1	618	614-6.13	1		0
Q14203	DCTN1	920	918-6.44	1		0
Q14203	DCTN1	993	992-3.89	1		0
Q14203	DCTN1	996	992-6.29	1		0
Q14203	DCTN1	1001	1006-8.60	1		0
Q14203	DCTN1	1179	1181-7.13, 1183-6.67	2	1173-8.33	1
Q14203	DCTN1	1180	1181-3.87, 1183-5.11	2	1173-8.05	1
Q14203	DCTN1	1182	1181-3.85, 1183-3.85	2		0
Q14240	EIF4A2	2	4-6.50	1		0
Q14240	EIF4A2	5	4-3.82	1		0
Q14790	CASP8	63	66-5.33	1		0
Q14790	CASP8	113	111-6.41	1		0
Q14790	CASP8	130	127-9.30	1		0
Q14790	CASP8	148	148-0.00	1		0
Q14790	CASP8	156	158-5.96	1		0
Q14790	CASP8	178	180-5.48	1		0
Q14790	CASP8	183	180-5.06	1		0
Q14790	CASP8	224	226-6.94	1		0
Q14790	CASP8	229	226-9.46	1	307-8.68	1
Q14790	CASP8	230		0	307-5.86	1
Q14790	CASP8	263	268-8.62	1		0
Q14790	CASP8	273	268-8.50	1		0
Q14790	CASP8	305	307-5.52	1		0
Q14790	CASP8	448	453-9.12	1		0
Q14832	GRM3	266	261-9.37, 269-5.59	2		0
Q14832	GRM3	754	758-6.17	1		0
Q14832	GRM3	758	758-0.00	1	767-9.93	1
Q14839	CHD4	959	957-6.97	1	1162-9.36	1
Q14839	CHD4	987	992-8.37	1		0
Q14839	CHD4	1073		0	1127-8.75	1
Q14839	CHD4	1092	1094-7.30	1		0
Q14839	CHD4	1335	1338-8.81	1		0
Q14839	CHD4	1831	1828-5.20	1		0
Q14847	LASP1	59	55-9.55	1		0
Q14847	LASP1	68	65-6.46, 72-6.52, 73-8.77	3		0
Q14847	LASP1	75	72-5.17, 73-5.45	2		0
Q14847	LASP1	78	73-8.58	1	72-9.93	1
Q14980	NUMA1	73	72-3.86	1		0
Q14980	NUMA1	76	72-9.39	1		0
Q14980	NUMA1	379	381-5.56	1		0
Q14980	NUMA1	1187	1187-0.00	1		0
Q14980	NUMA1	1518	1520-5.36	1		0
Q14980	NUMA1	1744	1743-3.32	1		0
Q14980	NUMA1	1800	1802-7.03	1		0
Q14980	NUMA1	1802	1802-0.00	1		0
Q14980	NUMA1	1804	1802-7.37	1		0
Q14980	NUMA1	1964	1966-5.66, 1967-8.35	2		0
Q14980	NUMA1	1969	1966-7.67, 1967-4.59	2		0
Q14980	NUMA1	2055	2056-3.83	1		0
Q15022	SUZ12	139	136-5.70	1		0
Q15022	SUZ12	140	136-6.39	1		0
Q15022	SUZ12	537	535-6.63	1		0
Q15047	SETDB1	809		0	696-6.81	1
Q15047	SETDB1	862	861-3.84	1		0
Q15047	SETDB1	1197	1198-3.89	1	861-8.96	1
Q15154	PCM1	754	754-0.00	1		0
Q15154	PCM1	755	754-3.87	1		0
Q15154	PCM1	776	776-0.00	1		0
Q15154	PCM1	859	855-7.79	1		0
Q15154	PCM1	960	960-0.00	1		0
Q15154	PCM1	1531	1529-5.44	1		0
Q15233	NONO	86	84-6.50	1		0
Q15233	NONO	99	102-9.95	1	115-8.78	1
Q15233	NONO	107	106-3.85, 110-5.13	2	84-7.26	1
Q15233	NONO	109	106-5.70, 110-3.85	2		0
Q15233	NONO	115	115-0.00	1	75-4.21, 102-5.34	2
Q15233	NONO	184	184-0.00	1		0
Q15233	NONO	186	184-5.60, 188-6.39	2		0
Q15233	NONO	188	188-0.00	1		0
Q15233	NONO	190	188-5.30	1		0
Q15233	NONO	364	364-0.00	1		0
Q15262	PTPRK	357	358-3.80	1		0
Q15276	RABEP1	277	279-5.48	1		0
Q15276	RABEP1	282	279-5.11	1		0
Q15303	ERBB4	576	573-5.85	1		0
Q15303	ERBB4	714	711-9.98, 713-3.84	2		0
Q15303	ERBB4	873	872-3.87	1		0
Q15303	ERBB4	875	872-7.00	1	840-9.08	1
Q15303	ERBB4	1022	1023-3.86	1		0
Q15303	ERBB4	1051	1053-7.16	1		0
Q15303	ERBB4	1162	1165-9.66	1		0
Q15303	ERBB4	1188	1187-3.37	1		0
Q15303	ERBB4	1242	1242-0.00	1		0
Q15306	IRF4	103	98-8.62, 106-8.95	2		0
Q15306	IRF4	181	182-3.79	1		0
Q15306	IRF4	325	320-7.34, 323-6.51	2		0
Q15365	PCBP1	23	21-5.40	1		0
Q15365	PCBP1	107		0	345-8.56	1
Q15365	PCBP1	202	203-3.83	1		0
Q15375	EPHA7	601	601-0.00, 603-6.12	2		0
Q15375	EPHA7	606	601-9.22, 603-8.83	2		0
Q15375	EPHA7	614	616-5.32	1		0
Q15375	EPHA7	653	656-8.60	1	659-4.67	1
Q15375	EPHA7	810	806-5.53	1		0
Q15375	EPHA7	892	891-3.89, 895-5.04	2		0
Q15468	STIL	60	63-5.08	1	99-8.19	1
Q15596	NCOA2	76	81-8.55	1		0
Q15596	NCOA2	78	81-5.12	1		0
Q15596	NCOA2	489	491-7.45	1		0
Q15596	NCOA2	493	491-7.07	1		0
Q15596	NCOA2	1169	1169-0.00	1		0
Q15596	NCOA2	1261	1261-0.00	1		0
Q15596	NCOA2	1266	1261-8.47	1		0
Q15643	TRIP11	248	252-6.06	1		0
Q15643	TRIP11	251	252-3.86	1		0
Q15643	TRIP11	1169	1167-5.36, 1170-3.85	2		0
Q15643	TRIP11	1374	1376-5.44	1		0
Q15643	TRIP11	1479	1481-5.48	1		0
Q15643	TRIP11	1808	1804-6.10	1		0
Q15788	NCOA1	517	519-7.28	1		0
Q15796	SMAD2	118	120-5.77	1		0
Q15796	SMAD2	121	120-3.85	1		0
Q15796	SMAD2	128	133-8.15	1		0
Q15796	SMAD2	317	318-3.82, 321-8.37	2		0
Q15796	SMAD2	417	415-6.91, 417-0.00, 421-6.63	3	433-9.94, 437-4.03, 438-6.45	3
Q15831	STK11	178	179-3.88	1	216-7.98, 242-9.56	2
Q15831	STK11	240	239-3.84, 242-5.39	2	179-9.98, 216-9.11, 221-7.24	3
Q15831	STK11	307	303-8.71, 304-8.39, 308-3.86	3		0
Q15910	EZH2	27	25-5.53	1		0
Q15910	EZH2	61	64-7.71	1		0
Q15910	EZH2	75	78-8.62	1		0
Q15910	EZH2	76	78-5.95	1		0
Q15910	EZH2	277	280-7.81	1		0
Q15910	EZH2	345	347-6.56	1		0
Q15910	EZH2	348	347-3.84	1		0
Q15910	EZH2	634	635-3.85	1	695-9.11	1
Q15910	EZH2	641		0	684-5.98	1
Q15910	EZH2	690	695-9.36	1	723-5.67, 725-5.00, 726-7.46	3
Q15910	EZH2	729	725-9.93, 726-8.96, 730-3.86, 733-5.86	4		0
Q16204	CCDC6	349	348-3.81	1		0
Q16204	CCDC6	351	348-8.82	1		0
Q16204	CCDC6	411	409-7.32, 412-3.36, 413-7.22	3		0
Q16204	CCDC6	413	412-3.90, 413-0.00	2		0
Q16288	NTRK3	151	153-6.73	1		0
Q16384	SSX1	50	53-5.05	1		0
Q16394	EXT1	617	615-7.18	1	594-7.40, 668-5.99, 716-9.63, 721-8.78	4
Q16534	HLF	201	200-3.82	1		0
Q16832	DDR2	469	472-7.86	1		0
Q16832	DDR2	470	472-6.14, 473-7.52	2		0
Q16832	DDR2	471	472-3.89, 473-5.79	2		0
Q16832	DDR2	473	472-3.91, 473-0.00	2		0
Q16832	DDR2	481	478-9.12	1		0
Q16832	DDR2	675	674-3.85	1		0
Q5H9F3	BCORL1	155	157-7.00	1		0
Q5H9F3	BCORL1	599	598-3.86	1		0
Q5JTC6	AMER1	250	251-3.87	1		0
Q5M775	SPECC1	130	131-3.81	1		0
Q5M775	SPECC1	131	131-0.00	1		0
Q5M775	SPECC1	133	131-7.20	1		0
Q5M775	SPECC1	142	144-7.60	1		0
Q5M775	SPECC1	144	144-0.00	1		0
Q5M775	SPECC1	145	144-3.92	1		0
Q5M775	SPECC1	189	188-3.86	1		0
Q5M775	SPECC1	238	242-6.12	1		0
Q5M775	SPECC1	241	242-3.86	1		0
Q5M775	SPECC1	964	965-3.88, 966-5.68	2		0
Q5M775	SPECC1	970	965-8.73, 966-6.20	2		0
Q68CP9	ARID2	1262	1261-3.67	1		0
Q6N021	TET2	369	368-3.80	1		0
Q6NZY4	ZCCHC8	342	341-3.83	1		0
Q6NZY4	ZCCHC8	597	597-0.00	1		0
Q6NZY4	ZCCHC8	598	597-3.91	1		0
Q6NZY4	ZCCHC8	601	601-0.00	1		0
Q6P1J9	CDC73	150	147-5.25	1		0
Q6P1J9	CDC73	198	194-8.45	1		0
Q6P1J9	CDC73	520	522-5.62, 524-6.48	2		0
Q6Q0C0	TRAF7	160	163-8.75	1		0
Q6Q0C0	TRAF7	197	198-3.86	1		0
Q6Q0C0	TRAF7	199	198-3.84	1		0
Q6UUV7	CRTC3	238	240-6.85	1		0
Q6UXM1	LRIG3	984	982-7.10, 984-0.00, 985-3.88	3		0
Q6W2J9	BCOR	290	293-9.94	1		0
Q6W2J9	BCOR	294	293-3.73	1		0
Q6W2J9	BCOR	434	436-4.87	1		0
Q6W2J9	BCOR	569	570-3.27	1		0
Q6W2J9	BCOR	571	570-3.30	1		0
Q6W2J9	BCOR	1047	1050-9.42	1		0
Q6W2J9	BCOR	1269	1271-6.94	1		0
Q6W2J9	BCOR	1271	1271-0.00	1		0
Q6ZN28	MACC1	184	186-5.24	1		0
Q6ZN28	MACC1	191	186-7.59	1		0
Q70Z35	PREX2	215	213-5.43	1		0
Q70Z35	PREX2	673	676-6.34	1		0
Q70Z35	PREX2	679	676-9.74, 681-6.47	2		0
Q76L83	ASXL2	156	156-0.00	1		0
Q76L83	ASXL2	370	373-5.12	1		0
Q7KZF4	SND1	40	38-6.31	1		0
Q7KZF4	SND1	88	87-3.84	1		0
Q7KZF4	SND1	238	241-9.96	1		0
Q7KZF4	SND1	240	241-3.86	1		0
Q7KZF4	SND1	389	391-6.39	1		0
Q7KZF4	SND1	436	438-6.27	1		0
Q7KZF4	SND1	641		0	634-9.02	1
Q7KZF4	SND1	848	847-3.86	1		0
Q7KZF4	SND1	857	852-8.81, 859-5.43, 862-9.65	3	885-5.50, 888-9.72	2
Q7Z407	CSMD3	391	392-3.11	1		0
Q7Z407	CSMD3	1314	1315-3.87, 1316-5.59	2		0
Q7Z7A1	CNTRL	998	1003-8.56	1		0
Q7Z7A1	CNTRL	1002	1003-3.84	1		0
Q7Z7A1	CNTRL	1475	1478-4.87	1		0
Q86U86	PBRM1	648	648-0.00	1		0
Q86V71	ZNF429	252	249-5.01	1		0
Q86V71	ZNF429	504	500-6.67	1		0
Q86V71	ZNF429	557	557-0.00, 559-5.36	2		0
Q86V71	ZNF429	560	557-5.03, 559-3.83	2		0
Q86W92	PPFIBP1	798	800-6.18	1		0
Q86W92	PPFIBP1	802	800-5.41	1	781-9.98, 840-9.95	2
Q86W92	PPFIBP1	999	999-0.00	1		0
Q86YC2	PALB2	1165	1165-0.00, 1170-5.21	2		0
Q86YC2	PALB2	1167	1165-5.46, 1170-8.25	2		0
Q8IUD2	ERC1	10	13-9.96	1		0
Q8IUD2	ERC1	14	13-3.84	1		0
Q8IUD2	ERC1	15	13-7.13	1		0
Q8IUD2	ERC1	27	26-3.82	1		0
Q8IUD2	ERC1	35	33-7.06, 34-3.26	2		0
Q8IUD2	ERC1	37	34-9.93	1		0
Q8IWS0	PHF6	83	83-0.00	1		0
Q8IZL2	MAML2	1089	1087-7.60, 1088-3.87	2		0
Q8IZP0	ABI1	338	339-3.12, 340-5.99	2		0
Q9NRM7	LATS2	154	151-5.15, 157-6.09	2		0
Q9NRM7	LATS2	168	168-0.00	1		0
Q9NRM7	LATS2	531	528-9.73	1		0
Q9NRM7	LATS2	598	601-5.35	1		0
Q9NYV4	CDK12	283	283-0.00	1		0
Q9NYV4	CDK12	325	327-6.99	1		0
Q9NYV4	CDK12	327	327-0.00	1		0
Q9NYV4	CDK12	770	773-5.03	1		0
Q9NYV4	CDK12	861	858-9.65	1		0
Q9NYV4	CDK12	886	890-9.22	1	915-9.73	1
Q9NYV4	CDK12	889	890-3.85	1		0
Q9NYV4	CDK12	892	890-6.49	1		0
Q9NYV4	CDK12	893		0	858-9.93	1
Q9NYV4	CDK12	973	974-3.88	1		0
Q9NYV4	CDK12	1045	1041-6.03	1		0
Q9Y618	NCOR2	106	107-3.80, 109-9.52	2		0
Q9Y618	NCOR2	221	224-8.81	1		0
Q9Y618	NCOR2	335	330-8.51	1		0
Q9Y618	NCOR2	493	488-9.13	1		0
Q9Y618	NCOR2	708	708-0.00	1		0
Q9Y618	NCOR2	1308	1309-3.87	1		0
Q9Y618	NCOR2	1458	1460-7.48	1		0
Q9Y618	NCOR2	1504	1505-3.87	1		0
Q9Y618	NCOR2	1653	1653-0.00	1		0
Q9Y618	NCOR2	1794	1794-0.00	1		0
Q9Y618	NCOR2	1861	1861-0.00	1		0
Q9Y618	NCOR2	2037	2036-3.30	1		0
Q9Y618	NCOR2	2040	2036-9.52	1		0
