UniProt	gene	ptm_pos	mutations_within_5_positions	mutation_count_within_5_positions	mutations_more_than_5_positions	mutation_count_more_than_5_positions	LTP Score	HTP Score	Linear Sequence Distance	within5_linear_distance	morethan5_linear_distance
P04637	TP53	215	213-6.45, 214-3.82, 215-0.00, 216-3.80	4	158-6.67, 159-5.69, 161-7.52, 193-7.52, 194-8.78, 195-7.51, 205-6.02	7	6	0		-2,-1,0,1	-57,-56,-54,-22,-21,-20,-10
P04637	TP53	220	218-6.34, 220-0.00	2	151-8.31, 152-9.49, 154-7.44, 156-4.83, 157-5.79, 158-9.46, 259-9.53	7	1	0		-2,0	-69,-68,-66,-64,-63,-62,39
P04637	TP53	249	245-9.06, 246-5.48, 248-3.86, 249-0.00, 250-3.86, 251-6.56	6	163-6.70, 164-7.63, 168-8.14, 173-9.86, 241-7.75, 242-9.66, 273-9.43	7	3	0		-4,-3,-1,0,1,2	-86,-85,-81,-76,-8,-7,24
P60484	PTEN	13	10-5.44, 14-3.83, 15-6.25	3	24-7.29, 36-9.61, 126-9.07, 127-8.72, 159-5.93, 165-8.72	6	6	0		-3,1,2	11,23,113,114,146,152
P60484	PTEN	128	123-8.29, 124-7.50, 126-5.39, 127-3.86, 128-0.00, 129-3.87, 130-6.03, 131-5.46, 132-5.68	9	10-9.93, 36-7.89, 93-9.79, 155-9.20, 159-7.66, 165-5.85	6	3	0		-5,-4,-2,-1,0,1,2,3,4	-118,-92,-35,27,31,37
Q06124	PTPN11	63	60-8.29, 61-7.36	2	69-8.52, 71-5.13, 72-6.22, 76-9.65, 506-8.19, 507-9.60	6	1	84		-3,-2	6,8,9,13,443,444
P04637	TP53	126	125-3.83, 126-0.00, 127-3.84, 130-8.59, 131-7.51	5	132-5.87, 135-8.52, 141-9.51, 271-9.65, 272-9.20, 278-8.99	6	1	0		-1,0,1,4,5	6,9,15,145,146,152
P16455	MGMT	156	158-6.94	1	113-9.63, 114-9.50, 148-7.86, 162-7.92, 166-9.70	5	?	?		2	-43,-42,-8,6,10
P60484	PTEN	125	123-6.84, 124-3.85, 126-3.85, 127-5.92, 128-8.07, 129-9.40, 130-8.52	7	36-5.68, 38-8.67, 47-9.17, 71-6.61, 92-7.84	5	2	0		-2,-1,1,2,3,4,5	-89,-87,-78,-54,-33
P04637	TP53	234	232-6.36, 234-0.00, 236-6.83, 237-9.78	4	141-4.94, 159-9.05, 195-6.66, 199-9.36, 216-9.77	5	0	1		-2,0,2,3	-93,-75,-39,-35,-18
O95573	ACSL3	683	681-6.40	1	624-6.98, 646-8.56, 649-6.21, 709-9.36	4	0	17		-2	-59,-37,-34,26
P42574	CASP3	150	147-9.11, 153-8.68	2	108-4.94, 111-8.42, 112-9.80, 143-9.48	4	3	0		-3,3	-42,-39,-38,-7
Q16394	EXT1	617	615-7.18	1	594-7.40, 668-5.99, 716-9.63, 721-8.78	4	0	1		-2	-23,51,99,104
P01112	HRAS	117	117-0.00, 118-3.84, 120-5.73	3	123-8.88, 143-7.93, 144-6.16, 147-7.51	4	1	1		0,1,3	6,26,27,30
P01112	HRAS	118	117-3.84, 118-0.00, 120-5.39, 123-7.86	4	127-9.55, 143-6.25, 144-5.76, 147-9.19	4	?	?		-1,0,2,5	9,25,26,29
Q06124	PTPN11	62	60-6.10, 61-3.88	2	71-5.78, 72-5.34, 506-6.64, 507-8.98	4	1	2117	!!!	-2,-1	9,10,444,445
P61586	RHOA	19	17-5.61, 20-3.84, 22-5.20	3	34-9.08, 40-8.54, 59-6.34, 161-9.27	4	0	2		-2,1,3	15,21,40,142
P61586	RHOA	26	22-6.02	1	20-9.87, 42-7.17, 57-8.88, 168-9.98	4	1	2		-4	-6,16,31,142
P46777	RPL5	219	222-5.41, 223-5.64	2	207-9.14, 208-6.73, 209-8.88, 226-9.89	4	0	1		3,4	-12,-11,-10,7
P04637	TP53	120	120-0.00	1	277-6.43, 278-7.52, 279-5.66, 281-9.84	4	46	29		0	157,158,159,161
P04637	TP53	132	127-5.24, 130-4.99, 131-3.84, 132-0.00, 133-3.80, 134-6.57, 135-9.90	7	271-4.38, 272-5.64, 285-9.81, 286-9.98	4	2	2		-5,-2,-1,0,1,2,3	139,140,153,154
P04637	TP53	269	267-7.05, 270-3.82, 271-7.07, 272-9.70	4	110-9.10, 132-9.42, 159-9.25, 161-9.54	4	3	1		-2,1,2,3	-159,-137,-110,-108
P31939	ATIC	464	462-5.49, 467-4.96, 469-9.05	3	492-7.74, 495-5.93, 497-9.97	3	0	10		-2,3,5	28,31,33
P42574	CASP3	152	147-8.89, 153-3.86	2	108-9.63, 143-8.58, 192-7.91	3	1	0		-5,1	-44,-9,40
Q13951	CBFB	85	83-5.41, 87-6.64	2	67-8.78, 70-8.34, 99-6.48	3	0	5		-2,2	-18,-15,14
P00533	EGFR	253	252-3.83, 256-9.83	2	108-9.38, 263-7.01, 289-6.02	3	0	1		-1,3	-145,10,36
P18074	ERCC2	671	672-3.86	1	44-9.82, 484-9.29, 737-7.70	3	0	1		1	-627,-187,66
Q15910	EZH2	690	695-9.36	1	723-5.67, 725-5.00, 726-7.46	3	0	1		5	33,35,36
P25445	FAS	246	250-6.01	1	259-7.35, 273-9.32, 278-8.87	3	0	1		4	13,27,32
P01116	KRAS	117	117-0.00, 119-5.26	2	14-7.89, 19-9.87, 146-6.74	3	0	6		0,2	-103,-98,29
P60484	PTEN	68	68-0.00, 71-9.32	2	123-6.24, 124-8.57, 134-9.96	3	2	1		0,3	55,56,66
P60484	PTEN	155	153-5.44, 155-0.00, 159-5.73	3	132-6.53, 136-6.98, 165-6.10	3	2	1		-2,0,4	-23,-19,10
P60484	PTEN	174	170-6.56, 171-5.49, 173-3.84, 174-0.00	4	101-8.83, 134-9.43, 136-9.99	3	2	13		-4,-3,-1,0	-73,-40,-38
Q06124	PTPN11	59	60-3.83, 61-5.94	2	506-8.23, 507-7.41, 510-9.99	3	0	3		1,2	447,448,451
Q06124	PTPN11	466	465-3.86	1	61-9.31, 357-9.44, 506-9.87	3	?	?		-1	-405,-109,40
P49802	RGS7	434	437-5.13	1	351-7.58, 357-9.84, 360-9.82	3	1	0		3	-83,-77,-74
P61586	RHOA	41	40-3.82, 42-3.80	2	22-9.39, 57-5.66, 59-6.04	3	?	?		-1,1	-19,16,18
P61586	RHOA	42	40-6.90, 42-0.00	2	22-7.70, 57-4.94, 59-7.93	3	6	0		-2,0	-20,15,17
P61586	RHOA	118	118-0.00	1	17-7.44, 161-6.63, 164-9.84	3	0	6		0	-101,43,46
P35268	RPL22	101	97-6.78, 101-0.00	2	88-7.97, 111-8.26, 113-5.33	3	0	1		-4,0	-13,10,12
P31040	SDHA	512	509-5.05, 512-0.00	2	564-9.63, 567-9.60, 572-8.43	3	0	1		-3,0	52,55,60
Q15796	SMAD2	417	415-6.91, 417-0.00, 421-6.63	3	433-9.94, 437-4.03, 438-6.45	3	1	1		-2,0,4	16,20,21
Q13485	SMAD4	504		0	330-9.81, 406-9.16, 524-4.04	3	0	2			-174,-98,20
O43791	SPOP	119	117-6.99, 121-5.47	2	102-5.56, 131-8.77, 133-8.74	3	1	0		-2,2	-17,12,14
Q15831	STK11	240	239-3.84, 242-5.39	2	179-9.98, 216-9.11, 221-7.24	3	0	1		-1,2	-61,-24,-19
P04637	TP53	115	113-6.37	1	125-7.57, 126-6.99, 127-8.72	3	0	1		-2	10,11,12
P04637	TP53	139	135-6.78, 136-5.50, 138-3.88, 139-0.00, 141-6.43	5	234-8.13, 236-7.13, 237-8.57	3	1	0		-4,-3,-1,0,2	95,97,98
P04637	TP53	164	161-9.30, 162-6.35, 163-3.86, 164-0.00, 168-7.37, 169-6.26	6	249-7.63, 250-5.61, 272-9.84	3	13	1		-3,-2,-1,0,4,5	85,86,108
P04637	TP53	213	208-5.42, 211-5.26, 213-0.00, 214-3.77, 215-6.45	5	161-8.30, 173-7.40, 193-9.36	3	0	1		-5,-2,0,1,2	-52,-40,-20
P40337	VHL	72	74-6.17	1	111-5.14, 115-9.22, 144-9.59	3	3	1		2	39,43,72
P40337	VHL	80	78-5.41, 80-0.00, 82-5.36	3	121-9.52, 128-8.48, 151-6.45	3	1	2		-2,0,2	41,48,71
O95573	ACSL3	679	681-7.21	1	624-8.89, 658-9.94	2	0	6		2	-55,-21
Q07812	BAX	135	130-9.12, 131-6.46, 133-5.41, 139-6.31	4	88-9.62, 89-8.55	2	0	1		-5,-4,-2,4	-47,-46
P42574	CASP3	105	101-6.50, 108-8.60	2	143-9.00, 147-8.49	2	0	4		-4,3	38,42
O75175	CNOT3	635	633-6.35, 640-8.08	2	679-7.85, 680-8.91	2	0	3		-2,5	44,45
P00533	EGFR	290	289-3.92, 292-6.50	2	256-6.06, 263-9.48	2	0	1		-1,2	-34,-27
P00533	EGFR	714		0	743-8.94, 744-7.61	2	2	2			29,30
P00533	EGFR	745	743-6.47, 744-3.87	2	719-9.24, 790-8.13	2	1	1		-2,-1	-26,45
P00533	EGFR	790	790-0.00	1	743-5.20, 744-6.59	2	?	?		0	-47,-46
P29320	EPHA3	742	745-9.40	1	769-7.99, 802-8.50	2	1	2		3	27,60
P29320	EPHA3	768	769-3.86	1	745-6.42, 746-8.50	2	1	3		1	-23,-22
P21860	ERBB3	250	245-7.92	1	258-8.94, 284-6.13	2	0	1		-5	8,34
P41212	ETV6	401	396-8.84, 397-6.25, 398-4.98, 399-5.38, 400-3.86, 401-0.00, 404-5.07	7	407-5.41, 420-9.67	2	0	3		-5,-4,-3,-2,-1,0,3	6,19
P25445	FAS	291	290-3.86, 294-5.12	2	228-8.46, 285-9.74	2	3	0		-1,3	-63,-6
P36888	FLT3	591	592-3.82, 594-9.27	2	577-6.40, 579-4.63	2	16	0		1,3	-14,-12
P36888	FLT3	623	618-4.11	1	617-5.62, 835-9.86	2	0	1		-5	-6,212
P04439	HLA-A	210		0	229-5.56, 232-7.23	2	0	3			19,22
P48735	IDH2	413	411-6.89, 416-5.08, 417-5.89	3	421-9.84, 434-9.18	2	6	10		-2,3,4	8,21
Q14145	KEAP1	602	601-3.83, 603-3.85	2	333-5.29, 554-8.88	2	1	1		-1,1	-269,-48
P02545	LMNA	450	446-5.76, 448-5.76	2	496-9.99, 500-8.35	2	0	15		-4,-2	46,50
P02545	LMNA	457		0	440-5.87, 441-6.83	2	0	3			-17,-16
P02545	LMNA	458		0	440-7.45, 441-9.72	2	0	261	!!!		-18,-17
P61244	MAX	40	35-8.68, 36-6.12, 38-5.41, 41-3.84, 42-5.46	5	46-9.84, 60-9.30	2	0	1		-5,-4,-2,1,2	6,20
E9PAV3	NACA	2054	2053-3.84, 2054-0.00	2	2045-9.58, 2060-9.92	2	0	5		-1,0	-9,6
Q00653	NFKB2	812	808-8.70, 815-5.24, 816-6.27	3	783-6.59, 784-9.51	2	0	2		-4,3,4	-29,-28
Q15233	NONO	115	115-0.00	1	75-4.21, 102-5.34	2	0	1		0	-40,-13
Q07864	POLE	425	424-3.88, 426-3.85	2	436-5.96, 465-7.97	2	0	2		-1,1	11,40
Q86W92	PPFIBP1	802	800-5.41	1	781-9.98, 840-9.95	2	0	1		-2	-21,38
P05771	PRKCB	199	203-7.02	1	239-8.17, 243-8.66	2	0	5		4	40,44
P05771	PRKCB	481	484-9.97	1	427-8.89, 453-8.63	2	?	?		3	-54,-28
P60484	PTEN	6	6-0.00, 10-6.23	2	24-8.05, 47-5.83	2	0	1		0,4	18,41
P60484	PTEN	27	27-0.00	1	14-9.54, 159-8.06	2	1	0		0	-13,132
P60484	PTEN	138	134-6.22, 136-5.46, 137-3.86, 142-6.20	4	101-8.25, 132-9.79	2	3	0		-4,-2,-1,4	-37,-6
P60484	PTEN	164	159-8.49, 162-5.35, 165-3.87, 167-5.99	4	129-9.16, 155-8.90	2	0	1		-5,-2,1,3	-35,-9
P60484	PTEN	176	171-9.10, 173-4.96, 174-5.32, 181-8.76	4	136-9.68, 170-9.84	2	0	11		-5,-3,-2,5	-40,-6
P60484	PTEN	178	173-8.62, 174-6.09, 181-5.15	3	101-7.52, 136-9.61	2	0	11		-5,-4,3	-77,-42
Q06124	PTPN11	73	71-5.59, 72-3.87, 76-5.21	3	502-7.21, 506-7.89	2	1	0		-2,-1,3	429,433
Q06124	PTPN11	263	265-6.63	1	285-6.28, 502-8.58	2	0	8		2	22,239
Q06124	PTPN11	460	465-8.50	1	61-6.93, 357-6.83	2	?	?		5	-399,-103
P29350	PTPN6	26		0	98-4.36, 477-8.00	2	0	4			72,451
P04049	RAF1	491	494-5.66, 496-8.91	2	466-9.90, 467-8.55	2	5	0		3,5	-25,-24
P61586	RHOA	7	5-6.92	1	57-6.23, 75-9.39	2	?	?		-2	50,68
P61586	RHOA	34	34-0.00	1	17-9.19, 20-8.75	2	2	15		0	-17,-14
P61586	RHOA	37	34-8.98, 40-7.20	2	59-7.52, 62-7.77	2	?	?		-3,3	22,25
P61586	RHOA	60	57-9.85, 59-3.82, 62-6.45	3	40-6.87, 69-9.11	2	?	?		-3,-1,2	-20,9
P08922	ROS1	2274		0	2264-8.59, 2265-6.05	2	3	15			-10,-9
P27635	RPL10	61	66-8.68	1	97-9.40, 160-9.45	2	0	1		5	36,99
P46777	RPL5	220	222-5.93, 223-5.60	2	208-9.87, 226-9.13	2	0	60		2,3	-12,6
P31040	SDHA	530	531-3.86	1	522-9.21, 583-8.70	2	0	5		1	-8,53
P84022	SMAD3	388	386-5.72	1	379-9.46, 382-9.40	2	3	1		-2	-9,-6
Q13485	SMAD4	385	386-3.87	1	351-5.01, 363-9.48	2	0	4		1	-34,-22
P51532	SMARCA4	1227	1224-5.29, 1226-3.88	2	946-9.42, 1250-7.39	2	0	3		-3,-1	-281,23
Q7KZF4	SND1	857	852-8.81, 859-5.43, 862-9.65	3	885-5.50, 888-9.72	2	0	32		-5,2,5	28,31
Q15831	STK11	178	179-3.88	1	216-7.98, 242-9.56	2	2	0		1	38,64
O43815	STRN	458	456-7.11	1	746-9.97, 778-6.48	2	?	?		-2	288,320
P02786	TFRC	717	719-5.44, 722-8.56	2	631-9.89, 711-9.70	2	0	2		2,5	-86,-6
P31314	TLX1	236	231-8.63, 233-5.22, 236-0.00	3	230-9.89, 242-8.35	2	0	1		-5,-3,0	-6,6
P21580	TNFAIP3	778	776-5.72, 778-0.00, 781-7.94	3	764-6.46, 771-4.33	2	0	2		-2,0,3	-14,-7
P04637	TP53	106	105-3.82, 106-0.00, 107-3.86, 108-5.81, 109-7.85	5	151-8.93, 266-7.69	2	1	1		-1,0,1,2,3	45,160
P04637	TP53	110	105-9.32, 107-9.10, 108-6.34, 109-3.84, 110-0.00, 111-3.82	6	266-8.12, 267-7.65	2	0	1		-5,-3,-2,-1,0,1	156,157
P40337	VHL	79	78-3.85, 80-3.84, 82-8.66	3	130-9.56, 151-5.50	2	0	4		-1,1,3	51,72
P40337	VHL	111	111-0.00, 115-6.86	2	74-6.59, 88-9.60	2	1	1		0,4	-37,-23
P40337	VHL	112	111-3.84, 115-5.65	2	65-8.97, 74-8.99	2	1	0		-1,3	-47,-38
P40337	VHL	175	178-5.72	1	184-9.02, 188-7.08	2	1	0		3	9,13
Q14202	ZMYM3	1306	1301-9.11	1	1331-5.97, 1334-6.65	2	0	5		-5	25,28
P00519	ABL1	229	225-9.17	1	75-7.75	1	0	67		-4	-154
P31749	AKT1	39	40-3.83	1	52-6.93	1	0	4		1	13
P31749	AKT1	326	322-9.53, 323-8.56	2	52-9.89	1	3	28		-4,-3	-274
P10275	AR	610	605-9.05, 608-5.38	2	616-8.41	1	1	2		-5,-2	6
P31939	ATIC	461	462-3.84	1	467-9.78	1	0	5		1	6
Q13535	ATR	1019	1015-6.22	1	1025-7.83	1	0	1		-4	6
P46100	ATRX	2158		0	2131-9.53	1	0	1			-27
O15169	AXIN1	148	146-5.98	1	113-7.33	1	0	1		-2	-35
Q07812	BAX	85	82-9.43, 88-5.33, 89-9.03	3	124-7.38	1	0	1		-3,3,4	39
Q07812	BAX	184	180-6.22, 182-5.51, 184-0.00, 186-5.45	4	94-8.18	1	9	0		-4,-2,0,2	-90
Q07812	BAX	186	182-6.08, 184-5.45, 186-0.00	3	180-9.87	1	1	0		-4,-2,0	-6
O60885	BRD4	498	499-3.16	1	414-9.63	1	1	1		1	-84
Q06187	BTK	623	624-3.86, 626-5.20, 627-6.13, 628-8.58	4	658-9.70	1	0	1		1,3,4,5	35
P27797	CALR	231	234-8.94	1	275-9.36	1	0	2		3	44
Q14790	CASP8	229	226-9.46	1	307-8.68	1	0	4		-3	78
Q14790	CASP8	230		0	307-5.86	1	?	?			77
P24385	CCND1	167		0	232-9.80	1	0	1			65
P24385	CCND1	238	237-3.88, 240-7.03	2	232-9.74	1	0	11		-1,2	-6
P30279	CCND2	173	175-5.68	1	214-8.88	1	0	1		2	41
P55287	CDH11	788	790-5.68	1	769-8.13	1	0	21		2	-19
Q9NYV4	CDK12	886	890-9.22	1	915-9.73	1	0	2		4	29
Q9NYV4	CDK12	893		0	858-9.93	1	1	82	!!		-35
P11802	CDK4	22	22-0.00, 24-7.12	2	94-9.73	1	0	4		0,2	72
Q14839	CHD4	959	957-6.97	1	1162-9.36	1	?	?		-2	203
Q14839	CHD4	1073		0	1127-8.75	1	?	?			54
P49711	CTCF	565	566-3.88	1	552-6.89	1	0	1		1	-13
P26232	CTNNA2	15	14-3.87	1	136-7.82	1	0	12		-1	121
P26232	CTNNA2	667	668-3.84, 669-5.30	2	673-9.87	1	0	4		1,2	6
P35222	CTNNB1	331	336-7.83	1	337-7.27	1	1	2		5	6
P35222	CTNNB1	335	336-3.85, 337-5.55	2	294-9.53	1	0	3		1,2	-41
P35222	CTNNB1	472	471-3.87	1	517-6.75	1	1	1		-1	45
P35222	CTNNB1	473	471-5.74	1	517-8.69	1	0	1		-2	44
P35222	CTNNB1	574	577-5.03	1	537-8.15	1	0	2		3	-37
P35222	CTNNB1	619	621-5.53	1	655-7.47	1	?	?		2	36
O60716	CTNND1	587	584-4.97	1	545-8.68	1	0	2		-3	-42
Q13618	CUL3	425	426-3.85	1	731-9.50	1	0	1		1	306
Q14203	DCTN1	1179	1181-7.13, 1183-6.67	2	1173-8.33	1	0	3		2,4	-6
Q14203	DCTN1	1180	1181-3.87, 1183-5.11	2	1173-8.05	1	0	2		1,3	-7
P00533	EGFR	623	628-9.84	1	636-8.76	1	0	1		5	13
P00533	EGFR	716	719-9.30	1	743-9.96	1	5	5		3	27
P78545	ELF3	362	358-9.59, 360-5.90, 361-3.86, 363-3.83	4	354-9.60	1	0	2		-4,-2,-1,1	-8
Q09472	EP300	580	580-0.00	1	613-8.42	1	?	?		0	33
Q09472	EP300	611	613-5.49	1	587-9.55	1	0	3		2	-24
Q09472	EP300	1518	1514-6.08	1	1524-9.80	1	1	0		-4	6
Q15375	EPHA7	653	656-8.60	1	659-4.67	1	0	1		3	6
P21860	ERBB3	353	355-6.22	1	329-6.85	1	0	1		2	-24
P21860	ERBB3	414		0	355-9.14	1	?	?			-59
Q15303	ERBB4	875	872-7.00	1	840-9.08	1	0	7		-3	-35
P18074	ERCC2	507	511-6.04	1	683-9.14	1	0	5		4	176
P19447	ERCC3	319	320-3.86	1	325-9.71	1	0	1		1	6
P41212	ETV6	384	380-6.22	1	378-9.82	1	?	?		-4	-6
P41212	ETV6	402	397-8.91, 398-6.65, 399-5.24, 400-5.35, 401-3.88, 404-5.47, 407-5.50	7	420-9.11	1	0	3		-5,-4,-3,-2,-1,2,5	18
Q15910	EZH2	634	635-3.85	1	695-9.11	1	1	2		1	61
Q15910	EZH2	641		0	684-5.98	1	1	0			43
P25445	FAS	287	283-8.09, 285-6.93, 290-5.87	3	228-6.38	1	0	1		-4,-2,3	-59
P25445	FAS	288	285-8.16, 290-6.11	2	228-8.48	1	0	2		-3,2	-60
P25445	FAS	293	290-5.15, 294-3.85	2	285-8.74	1	0	1		-3,1	-8
P22607	FGFR3	648		0	642-6.88	1	1	18			-6
P07954	FH	491	488-7.95	1	497-9.76	1	0	69	!!	-3	6
P21333	FLNA	1161	1160-3.88	1	1240-6.22	1	0	3		-1	79
P21333	FLNA	1162	1160-5.51	1	1240-8.55	1	0	3		-2	78
P21333	FLNA	1164	1160-8.91	1	1240-8.65	1	0	2		-4	76
P21333	FLNA	2000	2003-9.72	1	2007-5.89	1	0	2		3	7
P21333	FLNA	2062		0	2139-9.59	1	0	2			77
P21333	FLNA	2131	2127-9.51	1	2059-8.81	1	0	2		-4	-72
P21333	FLNA	2143		0	2282-9.10	1	0	4			139
P21333	FLNA	2284	2282-6.84	1	2258-9.22	1	0	13		-2	-26
P36888	FLT3	589	592-9.42	1	579-6.03	1	7	1		3	-10
P36888	FLT3	597	592-9.85, 594-5.16	2	663-6.82	1	2	0		-5,-3	66
P36888	FLT3	599	594-9.78	1	663-6.16	1	6	2		-5	64
P36888	FLT3	614	617-9.17	1	627-7.67	1	0	2		3	13
P36888	FLT3	842	839-5.89, 842-0.00, 843-3.82, 845-9.23	4	835-9.99	1	5	78		-3,0,1,3	-7
Q12778	FOXO1	218	214-6.51	1	225-8.70	1	0	2		-4	7
P23769	GATA2	376	372-6.12	1	385-9.44	1	?	?		-4	9
P23771	GATA3	290	287-5.13, 294-5.76	2	299-9.21	1	0	3		-3,4	9
P49915	GMPS	676	673-8.80, 677-3.86	2	619-5.53	1	0	1		-3,1	-57
Q14832	GRM3	758	758-0.00	1	767-9.93	1	0	1		0	9
P84243	H3-3B	37	35-6.13, 37-0.00	2	31-9.98	1	1	16		-2,0	-6
P04439	HLA-A	123		0	150-9.44	1	?	?			27
P04439	HLA-A	137	135-6.87	1	150-6.52	1	0	2		-2	13
P04439	HLA-A	145		0	120-9.14	1	0	4			-25
P04439	HLA-A	147		0	120-9.43	1	0	1			-27
P35453	HOXD13	313	308-8.66, 310-5.47, 313-0.00	3	283-9.43	1	0	1		-5,-3,0	-30
Q02535	ID3	65	64-3.80, 68-5.21, 69-6.43	3	71-9.99	1	1	0		-1,3,4	6
O75874	IDH1	34	33-3.86	1	355-8.32	1	0	3		-1	321
O75874	IDH1	106		0	297-6.57	1	?	?			191
O14920	IKBKB	476	471-8.56	1	633-8.58	1	0	1		-5	157
Q08881	ITK	251	246-8.63	1	257-9.84	1	0	1		-5	6
P23458	JAK1	220	219-3.87	1	193-4.88	1	0	2		-1	-27
O60674	JAK2	613		0	564-9.06	1	1	0			-49
P52333	JAK3	886	887-3.85	1	815-8.53	1	0	1		1	-71
O95251	KAT7	506	505-3.81, 507-3.84, 509-9.02	3	549-8.64	1	0	7		-1,1,3	43
O95251	KAT7	524	520-6.12, 528-6.17, 529-8.66	3	561-8.93	1	0	1		-4,4,5	37
Q14145	KEAP1	131	135-6.33	1	155-8.87	1	0	8		4	24
Q14145	KEAP1	599	601-6.30	1	333-9.99	1	1	1		2	-266
P10721	KIT	578	576-6.59	1	642-5.69	1	0	2		-2	64
P10721	KIT	642	642-0.00	1	576-6.09	1	?	?		0	-66
P10721	KIT	823	818-9.80, 822-3.86	2	829-9.44	1	3	14		-5,-1	6
P01116	KRAS	64	59-6.49, 60-7.79, 61-5.97, 62-5.35, 63-3.86, 64-0.00, 68-7.20	7	58-8.95	1	3	8		-5,-4,-3,-2,-1,0,4	-6
P01116	KRAS	118	117-3.84, 119-3.87	2	146-8.85	1	?	?		-1,1	28
P01116	KRAS	144	146-6.40	1	117-6.21	1	1	0		2	-27
P01116	KRAS	147	146-3.88	1	117-7.41	1	2	10		-1	-30
P01116	KRAS	148	146-5.77	1	117-9.00	1	1	1		-2	-31
Q14847	LASP1	78	73-8.58	1	72-9.93	1	0	1		-5	-6
O95835	LATS1	751	748-5.22, 753-5.46	2	1078-7.12	1	1	0		-3,2	327
P06239	LCK	192	196-8.35	1	184-5.42	1	6	1084	!!	4	-8
P06239	LCK	194	196-5.34	1	184-8.83	1	1	12		2	-10
P06239	LCK	198	196-6.77	1	184-9.68	1	0	3		-2	-14
P61244	MAX	42	38-6.30, 41-3.86, 42-0.00, 46-6.09, 47-8.60	5	36-9.82	1	0	3		-4,-1,0,4,5	-6
P08581	MET	1093		0	1110-6.53	1	0	31	!		17
P43246	MSH2	871	871-0.00	1	856-8.07	1	0	4		0	-15
P26038	MSN	388	393-8.59	1	435-9.85	1	0	4		5	47
P35579	MYH9	90		0	1436-9.54	1	?	?			1346
P35579	MYH9	375	377-5.59	1	384-9.67	1	0	1		2	9
P35579	MYH9	391	393-6.54	1	384-9.74	1	0	7		2	-7
P35579	MYH9	1918	1916-5.92	1	1912-9.77	1	0	16		-2	-6
Q00653	NFKB2	811	808-8.58, 815-8.81, 816-8.81	3	783-9.02	1	?	?		-3,4,5	-28
Q15233	NONO	99	102-9.95	1	115-8.78	1	0	70	!!!	3	16
Q15233	NONO	107	106-3.85, 110-5.13	2	84-7.26	1	0	30		-1,3	-23
P46531	NOTCH1	1725		0	1574-9.13	1	?	?			-151
P01111	NRAS	89	86-5.51, 87-5.50, 92-5.07	3	60-9.91	1	2	1		-3,-2,3	-29
P01111	NRAS	147	146-3.87	1	22-7.89	1	0	9		-1	-125
P78549	NTHL1	160	156-8.17, 157-7.77, 163-5.43	3	182-9.50	1	?	?		-4,-3,3	22
P04629	NTRK1	729		0	692-9.33	1	0	2			-37
Q15365	PCBP1	107		0	345-8.56	1	0	2			238
P11309	PIM1	94	96-5.65	1	161-9.69	1	0	1		2	67
P11309	PIM1	98	96-5.74	1	161-9.33	1	0	1		-2	63
P54277	PMS1	905	901-6.21, 904-3.86, 906-3.84	3	912-9.48	1	0	1		-4,-1,1	7
P54278	PMS2	748	745-5.06, 750-5.57	2	714-9.38	1	0	2		-3,2	-34
P54278	PMS2	766	763-7.70, 769-9.60	2	756-7.72	1	0	1		-3,3	-10
Q07864	POLE	431	426-8.43	1	465-9.96	1	0	1		-5	34
P05771	PRKCB	195	196-3.84	1	243-8.42	1	0	33		1	48
P05771	PRKCB	197	196-3.83	1	243-5.10	1	0	5		-1	46
P05771	PRKCB	241	239-5.95, 243-6.39	2	203-9.83	1	?	?		-2,2	-38
P05771	PRKCB	391	392-3.85	1	660-7.14	1	?	?		1	269
P05771	PRKCB	661	657-8.68, 660-3.85	2	336-8.75	1	14	1		-4,-1	-325
P60484	PTEN	46	43-5.98, 44-5.47, 47-3.88, 48-7.06	4	10-8.98	1	1	45	!!	-3,-2,1,2	-36
P60484	PTEN	163	159-7.72, 162-3.89, 165-5.85, 167-9.32	4	155-8.06	1	1	1		-4,-1,2,4	-8
P60484	PTEN	179	174-8.42, 181-5.55	2	136-9.42	1	1	4		-5,2	-43
P60484	PTEN	180	181-3.84	1	174-9.60	1	0	3		1	-6
P60484	PTEN	254	252-6.90	1	170-9.54	1	4	1		-2	-84
P60484	PTEN	319	320-3.84	1	342-6.76	1	1	1		1	23
P60484	PTEN	321	320-3.84, 325-6.86	2	342-4.35	1	1	0		-1,4	21
P60484	PTEN	327	325-6.32	1	271-5.07	1	1	0		-2	-56
Q06124	PTPN11	66	69-7.83	1	42-9.71	1	0	15		3	-24
Q06124	PTPN11	80	76-5.91	1	69-9.75	1	0	1		-4	-11
Q06124	PTPN11	264	265-3.88	1	285-5.79	1	0	1		1	21
Q06124	PTPN11	280		0	71-8.29	1	0	2			-209
Q06124	PTPN11	515	510-8.96, 511-6.91, 514-3.84, 516-3.85	4	472-8.39	1	0	16		-5,-4,-1,1	-43
P08575	PTPRC	860	865-8.47	1	897-9.44	1	0	1		5	37
P08575	PTPRC	862	865-4.91	1	897-8.42	1	0	1		3	35
P23468	PTPRD	1815	1812-9.15	1	1898-9.20	1	0	4		-3	83
P63000	RAC1	32	29-7.36, 34-6.55	2	18-8.72	1	1	1		-3,2	-14
P63000	RAC1	39	41-6.94	1	71-9.98	1	?	?		2	32
P06400	RB1	321	322-3.85	1	334-8.43	1	0	4		1	13
P06400	RB1	325	322-4.95	1	334-9.77	1	0	4		-3	9
P07949	RET	350	349-3.87	1	337-4.55	1	0	1		-1	-13
P07949	RET	1015		0	595-9.06	1	12	0			-420
P61586	RHOA	27	22-8.28	1	42-9.46	1	?	?		-5	15
P61586	RHOA	119	118-3.84	1	161-8.59	1	0	3		-1	42
P27635	RPL10	158	153-9.69, 155-5.59, 157-3.87, 160-6.93	4	66-9.12	1	0	4		-5,-3,-1,2	-92
Q01196	RUNX1	207	204-5.12	1	201-9.42	1	1	2		-3	-6
P31040	SDHA	509	509-0.00, 512-5.05	2	564-8.61	1	0	1		0,3	55
P31040	SDHA	550	553-9.74	1	509-9.63	1	0	10		3	-41
P31040	SDHA	585	583-5.69, 584-3.87, 585-0.00, 589-9.48	4	593-9.83	1	0	1		-2,-1,0,4	8
Q01105	SET	172	170-6.35	1	152-9.87	1	1	7		-2	-20
Q01105	SET	175	176-3.85	1	145-9.29	1	0	1		1	-30
Q15047	SETDB1	809		0	696-6.81	1	0	1			-113
Q15047	SETDB1	1197	1198-3.89	1	861-8.96	1	0	1		1	-336
Q13485	SMAD4	95	91-6.48, 92-5.48, 95-0.00, 97-5.32	4	130-6.13	1	0	1		-4,-3,0,2	35
Q13485	SMAD4	113	118-9.25	1	132-8.58	1	0	6		5	19
Q13485	SMAD4	519	524-8.13	1	330-7.77	1	2	3		5	-189
P51532	SMARCA4	1386		0	1037-9.51	1	0	3			-349
P51532	SMARCA4	1497	1502-8.90	1	1538-9.62	1	0	1		5	41
Q7KZF4	SND1	641		0	634-9.02	1	0	49			-7
P40763	STAT3	601	598-5.23	1	672-9.64	1	1	3		-3	71
P40763	STAT3	674	672-6.30	1	598-8.54	1	0	3		-2	-76
Q15468	STIL	60	63-5.08	1	99-8.19	1	0	2		3	39
O43815	STRN	456	456-0.00	1	778-5.65	1	0	2		0	322
P43405	SYK	364	362-5.48	1	422-9.34	1	1	1		-2	58
P02786	TFRC	499		0	611-9.98	1	0	2			112
P02786	TFRC	503	504-3.84	1	611-9.85	1	0	1		1	108
P02786	TFRC	720	719-3.86, 722-6.06	2	631-8.48	1	0	2		-1,2	-89
P04637	TP53	149	151-6.40, 152-9.51	2	106-8.34	1	4	2		2,3	-43
P04637	TP53	155	151-6.38, 152-5.99, 154-3.86, 155-0.00, 156-3.85, 157-7.11	6	220-5.46	1	5	1		-4,-3,-1,0,1,2	65
P04637	TP53	284	279-8.68, 280-6.21, 281-5.09, 282-5.48, 283-3.82, 285-3.83, 286-5.57	7	278-9.94	1	1	1		-5,-4,-3,-2,-1,1,2	-6
P04637	TP53	291	286-8.72	1	285-9.85	1	3	1		-5	-6
P06753	TPM3	238	239-3.86, 243-8.60	2	232-9.86	1	?	?		1,5	-6
P67936	TPM4	201	196-8.62, 206-8.62	2	195-9.89	1	?	?		-5,5	-6
O15164	TRIM24	1042	1038-6.10, 1039-5.02, 1041-3.85, 1043-3.87, 1046-6.02, 1047-8.67	6	1036-9.75	1	?	?		-4,-3,-1,1,4,5	-6
P15498	VAV1	802	798-9.85	1	828-9.35	1	0	1		-4	26
P40337	VHL	68	65-8.70	1	115-8.26	1	2	2		-3	47
P40337	VHL	159	158-3.87, 161-5.54, 162-5.23	3	184-9.77	1	1	0		-1,2,3	25
P40337	VHL	168	165-5.14, 169-3.86	2	162-9.96	1	1	0		-3,1	-6
P40337	VHL	185	184-3.85, 188-5.06	2	178-8.24	1	0	6		-1,3	-7
