UniProt	gene	ptm_type	LTP Score	HTP Score	mutations_within_5_positions	mutation_count_within_5_positions	mutations_more_than_5_positions	mutation_count_more_than_5_positions	within5_linear_distance	morethan5_linear_distance
O00291	HIP1	S516			S516L-0.00Å	1		0	0	
O00291	HIP1	Y1009			R1005W-6.19Å	1		0	4	
O00571	DDX3X	Y260			R263H-7.04Å	1	M254I-7.04Å	1	3	6
O00571	DDX3X	K264			R263H-3.88Å	1		0	1	
O00571	DDX3X	Y283			E285K-5.50Å	1		0	2	
O00571	DDX3X	K335				0	R263H-5.82Å	1		72
O00571	DDX3X	K418				0	P568L-8.59Å	1		150
O00571	DDX3X	S508				0	T532M-8.25Å	1		24
O00571	DDX3X	K511				0	T532M-5.71Å	1		21
O00571	DDX3X	Y525			R528C-5.16Å	1		0	3	
O00571	DDX3X	R600			R603Q-8.53Å	1		0	3	
O00571	DDX3X	R603			R603Q-0.00Å	1		0	0	
O00571	DDX3X	S605			R603Q-5.50Å	1		0	2	
O00571	DDX3X	S606			R603Q-6.06Å	1		0	3	
O14497	ARID1A	K1979			C1981Y-5.55Å	1		0	2	
O14647	CHD2	R1637			R1637Q-0.00Å	1		0	0	
O14654	IRS4	S728			R731H-9.53Å	1		0	3	
O14746	TERT	T692			R696C-6.36Å	1		0	4	
O14920	IKBKB	Y169			K171E-6.79Å, K171M-6.79Å	2		0	2	
O14920	IKBKB	K171			K171E-0.00Å, K171M-0.00Å	2		0	0	
O14920	IKBKB	C179				0	K171E-8.60Å, K171M-8.60Å	2		8
O14920	IKBKB	S181				0	K171E-9.88Å, K171M-9.88Å	2		10
O14920	IKBKB	Y188				0	V203I-9.34Å	1		15
O14920	IKBKB	Y199			V203I-7.05Å	1		0	4	
O14920	IKBKB	K703			K704N-3.85Å	1		0	1	
O14920	IKBKB	S705			K704N-3.83Å	1		0	1	
O14980	XPO1	K568			E571K-4.92Å	1		0	3	
O15119	TBX3	S719			E720K-3.84Å	1		0	1	
O15164	TRIM24	K336			R339H-5.05Å	1		0	3	
O15164	TRIM24	K341			R339H-5.53Å	1		0	2	
O15164	TRIM24	S1042	?	?	R1046H-6.02Å	1		0	4	
O15169	AXIN1	Y148	0	1	R146Q-5.98Å	1		0	2	
O43295	SRGAP3	S214			R211H-5.24Å	1		0	3	
O43295	SRGAP3	K554			S556F-5.42Å	1		0	2	
O43295	SRGAP3	S759			R761C-4.78Å	1		0	2	
O43524	FOXO3	T307			R310C-9.58Å	1		0	3	
O43524	FOXO3	S311			R310C-3.78Å	1		0	1	
O43791	SPOP	S119	1	0	M117V-6.99Å, R121Q-5.47Å	2	F102C-5.56Å, F102V-5.56Å, W131G-8.77Å, F133C-8.74Å, F133L-8.74Å, F133V-8.74Å	6	2	12,14,17
O60216	RAD21	Y67			R65Q-5.43Å	1		0	2	
O60674	JAK2	Y613	1	0		0	R564Q-9.06Å	1		49
O60716	CTNND1	K517			R519H-6.22Å	1		0	2	
O60716	CTNND1	S539				0	R584Q-9.25Å	1		45
O60716	CTNND1	S587	0	2	R584Q-4.97Å	1		0	3	
O60716	CTNND1	Y668				0	R584Q-9.99Å	1		84
O60716	CTNND1	T720				0	K757N-8.56Å	1		37
O60716	CTNND1	K744			R742H-5.39Å	1		0	2	
O60716	CTNND1	K804				0	K757N-9.49Å	1		47
O60885	BRD4	S498	1	1	S499L-3.16Å	1		0	1	
O60885	BRD4	S499			S499L-0.00Å	1		0	0	
O60885	BRD4	K629			V633M-6.85Å	1		0	4	
O60885	BRD4	S1045			R1047W-6.60Å	1		0	2	
O60934	NBN	K73			S72Y-3.84Å	1		0	1	
O60934	NBN	S195			P198Q-8.97Å	1		0	3	
O60934	NBN	Y197			P198Q-3.88Å	1		0	1	
O75376	NCOR1	K1518			S1519L-3.85Å	1		0	1	
O75376	NCOR1	S1756			R1755C-3.38Å	1		0	1	
O75533	SF3B1	T313			R315Q-7.25Å	1		0	2	
O75533	SF3B1	T316			R315Q-3.73Å	1		0	1	
O75533	SF3B1	S400			R397C-9.39Å	1		0	3	
O75533	SF3B1	T426			R425Q-3.88Å	1		0	1	
O75533	SF3B1	S541				0	R549C-9.49Å	1		8
O75533	SF3B1	K700			K700E-0.00Å	1		0	0	
O75533	SF3B1	K858			E862K-9.21Å	1	E902K-9.69Å	1	4	44
O75533	SF3B1	K866			E862K-6.04Å	1		0	4	
O75533	SF3B1	K1030			E1033D-5.31Å	1		0	3	
O75533	SF3B1	T1170				0	V1192A-9.38Å	1		22
O75626	PRDM1	R371			T373M-7.37Å	1		0	2	
O75874	IDH1	Y34	0	3	P33S-3.86Å	1		0	1	
O75874	IDH1	T106	?	?		0	R132C-5.69Å, R132G-5.69Å, R132H-5.69Å, R132L-5.69Å, R132S-5.69Å	5		26
O75874	IDH1	Y135			R132C-8.58Å, R132G-8.58Å, R132H-8.58Å, R132L-8.58Å, R132S-8.58Å	5		0	3	
O95251	KAT7	K524	0	1	R520C-6.12Å	1		0	4	
O95573	ACSL3	K679	0	6	R681C-7.21Å	1		0	2	
O95573	ACSL3	S683	0	17	R681C-6.40Å	1		0	2	
O95573	ACSL3	Y709				0	R681C-8.40Å	1		28
O95999	BCL10	S141			F143L-7.33Å	1		0	2	
O95999	BCL10	S144			F143L-3.88Å	1		0	1	
O96028	NSD2	S1332			S1332L-0.00Å	1		0	0	
P00519	ABL1	T79			A75T-6.19Å	1		0	4	
P00519	ABL1	S229	0	67		0	A75T-7.75Å	1		154
P00519	ABL1	Y264				0	A75T-5.69Å	1		189
P00519	ABL1	S265				0	A75T-9.46Å	1		190
P00533	EGFR	K37				0	E114K-9.54Å	1		77
P00533	EGFR	Y112			R108K-9.89Å, E114K-6.26Å	2		0	2,4	
P00533	EGFR	Y113			E114K-3.88Å	1		0	1	
P00533	EGFR	R222			R222C-0.00Å	1		0	0	
P00533	EGFR	R224			R222C-7.33Å, S229C-8.79Å	2		0	2,5	
P00533	EGFR	S229			S229C-0.00Å	1		0	0	
P00533	EGFR	K253	0	1	R252C-3.83Å, R252P-3.83Å, D256G-9.83Å	3	R108K-9.38Å, T263P-7.01Å, A289D-6.02Å, A289T-6.02Å, A289V-6.02Å	5	1,3	10,36,145
P00533	EGFR	K284				0	D256G-8.64Å, T263P-9.70Å	2		21,28
P00533	EGFR	T290	0	1	A289D-3.92Å, A289T-3.92Å, A289V-3.92Å	3	D256G-6.06Å, T263P-9.48Å	2	1	27,34
P00533	EGFR	N361			T363I-6.37Å	1		0	2	
P00533	EGFR	K396				0	T363I-8.54Å	1		33
P00533	EGFR	T648			S645C-9.72Å	1		0	3	
P00533	EGFR	K716	5	5	G719A-9.30Å, G719C-9.30Å, G719S-9.30Å	3		0	3	
P00533	EGFR	S720			G719A-3.84Å, G719C-3.84Å, G719S-3.84Å	3		0	1	
P00533	EGFR	T725				0	G719A-6.02Å, G719C-6.02Å, G719S-6.02Å	3		6
P00533	EGFR	Y727				0	G719A-7.22Å, G719C-7.22Å, G719S-7.22Å	3		8
P00533	EGFR	K728				0	G719A-9.43Å, G719C-9.43Å, G719S-9.43Å	3		9
P00533	EGFR	K745	1	1		0	G719A-9.24Å, G719C-9.24Å, G719S-9.24Å, T790M-8.13Å	4		26,45
P00533	EGFR	Y764			S768I-6.31Å	1		0	4	
P00533	EGFR	S768			S768I-0.00Å	1		0	0	
P00533	EGFR	T790	?	?	T790M-0.00Å	1		0	0	
P00533	EGFR	K823				0	V774M-8.94Å	1		49
P00533	EGFR	Y827				0	V774M-8.43Å	1		53
P00533	EGFR	K852				0	V774M-4.68Å	1		78
P00533	EGFR	K860			L858R-6.59Å, L861Q-3.80Å	2		0	1,2	
P00533	EGFR	Y869				0	L861Q-8.93Å	1		8
P00533	EGFR	Y1069				0	G719A-4.62Å, G719C-4.62Å, G719S-4.62Å	3		350
P00533	EGFR	S1070				0	G719A-6.22Å, G719C-6.22Å, G719S-6.22Å	3		351
P00533	EGFR	S1071				0	G719A-6.54Å, G719C-6.54Å, G719S-6.54Å	3		352
P00533	EGFR	Y1172				0	T263P-9.89Å, H304Y-8.44Å	2		868,909
P01106	MYC	T58			A59V-3.81Å	1		0	1	
P01106	MYC	T73			T73I-0.00Å, P74L-3.85Å, P74Q-3.85Å, P74S-3.85Å	4		0	0,1	
P01106	MYC	S77			P74L-8.64Å, P74Q-8.64Å, P74S-8.64Å	3		0	3	
P01106	MYC	K163			S161L-5.55Å	1		0	2	
P01111	NRAS	Y32				0	G12A-9.42Å, G12C-9.42Å, G12D-9.42Å, G12R-9.42Å, G12S-9.42Å, G12V-9.42Å, G13C-6.85Å, G13D-6.85Å, G13R-6.85Å, G13V-6.85Å	10		19,20
P01111	NRAS	Y64			A59D-6.27Å, G60E-7.54Å, Q61H-5.96Å, Q61K-5.96Å, Q61L-5.96Å, Q61P-5.96Å, Q61R-5.96Å, Y64D-0.00Å	8		0	0,3,4,5	
P01111	NRAS	S89	2	1		0	G12A-8.22Å, G12C-8.22Å, G12D-8.22Å, G12R-8.22Å, G12S-8.22Å, G12V-8.22Å, G13C-9.05Å, G13D-9.05Å, G13R-9.05Å, G13V-9.05Å, G60E-9.91Å	11		29,76,77
P01111	NRAS	K117				0	A146T-6.74Å	1		29
P01111	NRAS	K147	0	9	A146T-3.87Å	1		0	1	
P01111	NRAS	T158				0	R164C-9.78Å	1		6
P01112	HRAS	Y32				0	G12C-9.61Å, G12D-9.61Å, G12S-9.61Å, G12V-9.61Å, G13C-7.05Å, G13D-7.05Å, G13R-7.05Å, G13V-7.05Å	8		19,20
P01112	HRAS	T35				0	G12C-8.70Å, G12D-8.70Å, G12S-8.70Å, G12V-8.70Å, G13C-9.60Å, G13D-9.60Å, G13R-9.60Å, G13V-9.60Å, A59T-5.16Å, Q61K-8.85Å, Q61L-8.85Å, Q61R-8.85Å	12		22,23,24,26
P01112	HRAS	Y64			A59T-6.31Å, Q61K-5.96Å, Q61L-5.96Å, Q61R-5.96Å	4		0	3,5	
P01112	HRAS	K117	1	1	K117N-0.00Å	1		0	0	
P01112	HRAS	C118	?	?	K117N-3.84Å	1		0	1	
P01112	HRAS	T144				0	K117N-6.16Å	1		27
P01112	HRAS	S145				0	K117N-4.71Å	1		28
P01112	HRAS	K147				0	K117N-7.51Å	1		30
P01112	HRAS	T148				0	K117N-9.05Å	1		31
P01116	KRAS	Y32				0	G13C-7.47Å, G13D-7.47Å, A18D-9.02Å	3		14,19
P01116	KRAS	Y40				0	L23R-9.96Å	1		17
P01116	KRAS	Y64	3	8	A59E-6.49Å, A59T-6.49Å, Q61H-5.97Å, Q61K-5.97Å, Q61L-5.97Å, Q61P-5.97Å, Q61R-5.97Å, E62K-5.35Å, E63K-3.86Å, Y64D-0.00Å	10		0	0,1,2,3,5	
P01116	KRAS	K117	0	6	K117N-0.00Å, K117R-0.00Å, D119H-5.26Å, D119N-5.26Å	4	V14I-7.89Å, L19F-9.87Å, A146P-6.74Å, A146T-6.74Å, A146V-6.74Å	5	0,2	29,98,103
P01116	KRAS	C118	?	?	K117N-3.84Å, K117R-3.84Å, D119H-3.87Å, D119N-3.87Å	4	A146P-8.85Å, A146T-8.85Å, A146V-8.85Å	3	1	28
P01116	KRAS	T144	1	0	A146P-6.40Å, A146T-6.40Å, A146V-6.40Å	3	L19F-8.41Å, K117N-6.21Å, K117R-6.21Å, D119H-8.16Å, D119N-8.16Å	5	2	25,27,125
P01116	KRAS	K147	2	10	A146P-3.88Å, A146T-3.88Å, A146V-3.88Å	3	A18D-7.81Å, L19F-8.47Å, Q22K-8.08Å, K117N-7.41Å, K117R-7.41Å, D119H-7.53Å, D119N-7.53Å	7	1	28,30,125,128,129
P01116	KRAS	T148	1	1	A146P-5.77Å, A146T-5.77Å, A146V-5.77Å	3	Q22K-9.24Å, K117N-9.00Å, K117R-9.00Å, D119H-7.31Å, D119N-7.31Å	5	2	29,31,126
P02452	COL1A1	S1247				0	R1257H-9.97Å	1		10
P02786	TFRC	Y123			R121H-6.53Å	1		0	2	
P02786	TFRC	Y168				0	R174C-9.92Å	1		6
P02786	TFRC	K177			R174C-5.13Å	1		0	3	
P02786	TFRC	K717	0	2	R719C-5.44Å	1		0	2	
P02786	TFRC	K720	0	2	R719C-3.86Å	1		0	1	
P02786	TFRC	N722			R719C-5.91Å	1		0	3	
P03372	ESR1	K244			E247K-4.89Å	1		0	3	
P03372	ESR1	R277			G278C-3.87Å	1		0	1	
P03372	ESR1	Y537			Y537N-0.00Å, Y537S-0.00Å, D538G-3.85Å	3		0	0,1	
P03372	ESR1	S554			R555H-3.82Å	1		0	1	
P04049	RAF1	S257			S257L-0.00Å	1		0	0	
P04049	RAF1	T258			S257L-3.83Å	1		0	1	
P04049	RAF1	S259			S257L-6.37Å	1		0	2	
P04049	RAF1	T260			S257L-9.91Å	1		0	3	
P04049	RAF1	R563				0	V557I-9.76Å	1		6
P04439	HLA-A	K145	0	4		0	Q120H-9.14Å	1		25
P04439	HLA-A	Y147	0	1		0	Q120H-9.43Å	1		27
P04626	ERBB2	T701				0	D769Y-8.79Å	1		68
P04626	ERBB2	S728			T733I-4.21Å	1	L755S-9.88Å	1	5	27
P04626	ERBB2	T733			T733I-0.00Å	1	L755S-6.64Å	1	0	22
P04626	ERBB2	Y735			T733I-6.53Å	1		0	2	
P04626	ERBB2	K753			L755S-6.11Å	1	T733I-5.68Å	1	2	20
P04626	ERBB2	Y772			I767M-8.74Å, D769Y-5.21Å, V777L-9.06Å, V777M-9.06Å	4		0	3,5	
P04626	ERBB2	Y877				0	V842I-8.69Å	1		35
P04629	NTRK1	Y680				0	R692C-8.13Å	1		12
P04629	NTRK1	Y681				0	R692C-8.79Å	1		11
P04629	NTRK1	Y729	0	2		0	R692C-9.33Å	1		37
P04637	TP53	K24			P27S-8.01Å	1		0	3	
P04637	TP53	S99				0	I254S-8.53Å, R267P-8.93Å, R267W-8.93Å	3		155,168
P04637	TP53	K101				0	I254S-9.24Å, R267P-7.28Å, R267W-7.28Å	3		153,166
P04637	TP53	S106	1	1	G105C-3.82Å, G105D-3.82Å, G105R-3.82Å, G105V-3.82Å, S106R-0.00Å, Y107D-3.86Å, F109C-7.85Å	7	P151A-8.93Å, P151H-8.93Å, P151R-8.93Å, P151S-8.93Å, P151T-8.93Å, L265P-7.07Å, L265R-7.07Å, G266E-7.69Å, G266R-7.69Å, G266V-7.69Å	10	0,1,3	45,159,160
P04637	TP53	R110	0	1	G105C-9.32Å, G105D-9.32Å, G105R-9.32Å, G105V-9.32Å, Y107D-9.10Å, F109C-3.84Å, R110C-0.00Å, R110L-0.00Å, R110P-0.00Å	9	L145P-6.17Å, L145R-6.17Å, I255F-9.35Å, T256I-9.88Å, L257Q-9.67Å, G266E-8.12Å, G266R-8.12Å, G266V-8.12Å, R267P-7.65Å, R267W-7.65Å	10	0,1,3,5	35,145,146,147,156,157
P04637	TP53	H115	0	1	F113C-6.37Å, F113V-6.37Å	2	T125M-7.57Å, T125P-7.57Å, Y126C-6.99Å, Y126D-6.99Å, Y126H-6.99Å, Y126N-6.99Å, S127F-8.72Å, S127P-8.72Å, S127Y-8.72Å	9	2	10,11,12
P04637	TP53	K120	46	29	K120E-0.00Å	1	A276D-9.71Å, A276G-9.71Å, C277F-6.43Å, P278A-7.52Å, P278H-7.52Å, P278L-7.52Å, P278R-7.52Å, P278S-7.52Å, P278T-7.52Å, G279E-5.66Å, R280G-6.60Å, R280I-6.60Å, R280K-6.60Å, R280S-6.60Å, R280T-6.60Å, D281E-9.84Å, D281H-9.84Å, D281N-9.84Å, D281V-9.84Å, D281Y-9.84Å	20	0	156,157,158,159,160,161
P04637	TP53	Y126	1	0	T125M-3.83Å, T125P-3.83Å, Y126C-0.00Å, Y126D-0.00Å, Y126H-0.00Å, Y126N-0.00Å, S127F-3.84Å, S127P-3.84Å, S127Y-3.84Å, L130F-8.59Å, L130V-8.59Å, N131I-7.51Å	12	F113C-6.67Å, F113V-6.67Å, K132E-5.87Å, K132N-5.87Å, K132R-5.87Å, M133K-4.40Å, F134L-6.09Å, C135F-8.52Å, C135R-8.52Å, C135Y-8.52Å, C141G-9.51Å, C141R-9.51Å, C141W-9.51Å, C141Y-9.51Å, F270L-9.64Å, F270S-9.64Å, E271K-9.65Å, E271V-9.65Å, V272G-9.20Å, V272L-9.20Å, V272M-9.20Å, P278A-8.99Å, P278H-8.99Å, P278L-8.99Å, P278R-8.99Å, P278S-8.99Å, P278T-8.99Å, G279E-9.10Å, R282G-7.98Å, R282P-7.98Å, R282W-7.98Å	31	0,1,4,5	6,7,8,9,13,15,144,145,146,152,153,156
P04637	TP53	K132	2	2	S127F-5.24Å, S127P-5.24Å, S127Y-5.24Å, L130F-4.99Å, L130V-4.99Å, N131I-3.84Å, K132E-0.00Å, K132N-0.00Å, K132R-0.00Å, M133K-3.80Å, F134L-6.57Å, C135F-9.90Å, C135R-9.90Å, C135Y-9.90Å	14	T125M-8.70Å, T125P-8.70Å, Y126C-5.87Å, Y126D-5.87Å, Y126H-5.87Å, Y126N-5.87Å, F270L-5.64Å, F270S-5.64Å, E271K-4.38Å, E271V-4.38Å, V272G-5.64Å, V272L-5.64Å, V272M-5.64Å, R273C-7.43Å, R273G-7.43Å, R273H-7.43Å, R273L-7.43Å, R273P-7.43Å, R273S-7.43Å, R282G-8.48Å, R282P-8.48Å, R282W-8.48Å, E285K-9.81Å, E285V-9.81Å, E286G-9.98Å, E286K-9.98Å, E286Q-9.98Å	27	0,1,2,3,5	6,7,138,139,140,141,150,153,154
P04637	TP53	K139	1	0	C135F-6.78Å, C135R-6.78Å, C135Y-6.78Å, Q136E-5.50Å, Q136P-5.50Å, A138V-3.88Å, K139N-0.00Å, C141G-6.43Å, C141R-6.43Å, C141W-6.43Å, C141Y-6.43Å	11	Y234C-8.13Å, Y234H-8.13Å, Y236C-7.13Å, Y236D-7.13Å, M237I-8.57Å, M237K-8.57Å, M237V-8.57Å, V274F-9.37Å, V274L-9.37Å	9	0,1,2,3,4	95,97,98,135
P04637	TP53	S149	4	2	P151A-6.40Å, P151H-6.40Å, P151R-6.40Å, P151S-6.40Å, P151T-6.40Å, P152L-9.51Å	6	S106R-8.34Å, Y107D-5.27Å, F109C-9.03Å	3	2,3	40,42,43
P04637	TP53	T150			P151A-3.87Å, P151H-3.87Å, P151R-3.87Å, P151S-3.87Å, P151T-3.87Å, P152L-6.66Å, T155I-9.64Å, T155N-9.64Å, T155P-9.64Å	9	Y107D-7.03Å, Y220C-9.76Å, Y220H-9.76Å, Y220S-9.76Å	4	1,2,5	43,70
P04637	TP53	T155	5	1	P151A-6.38Å, P151H-6.38Å, P151R-6.38Å, P151S-6.38Å, P151T-6.38Å, P152L-5.99Å, G154V-3.86Å, T155I-0.00Å, T155N-0.00Å, T155P-0.00Å, R156G-3.85Å, R156P-3.85Å, V157D-7.11Å, V157F-7.11Å, V157G-7.11Å	15	V218E-9.04Å, V218G-9.04Å, Y220C-5.46Å, Y220H-5.46Å, Y220S-5.46Å, L257Q-7.05Å, E258D-5.69Å, E258K-5.69Å, E258Q-5.69Å, D259V-4.41Å, D259Y-4.41Å, G262V-8.62Å, L265P-8.58Å, L265R-8.58Å	14	0,1,2,3,4	63,65,102,103,104,107,110
P04637	TP53	K164	13	1	A161D-9.30Å, A161S-9.30Å, A161T-9.30Å, Y163C-3.86Å, Y163D-3.86Å, Y163H-3.86Å, Y163N-3.86Å, K164E-0.00Å, H168R-7.37Å	9	R249G-7.63Å, R249M-7.63Å, R249S-7.63Å, R249T-7.63Å, R249W-7.63Å, P250L-5.61Å, E271K-7.99Å, E271V-7.99Å, V272G-9.84Å, V272L-9.84Å, V272M-9.84Å	11	0,1,3,4	85,86,107,108
P04637	TP53	S183			H179D-8.33Å, H179L-8.33Å, H179N-8.33Å, H179R-8.33Å, H179Y-8.33Å, R181C-6.42Å, R181H-6.42Å, R181P-6.42Å	8		0	2,4	
P04637	TP53	S185			R181C-9.76Å, R181H-9.76Å, R181P-9.76Å, P190L-7.28Å	4		0	4,5	
P04637	TP53	R209			T211I-5.97Å, R213L-8.10Å, R213P-8.10Å, R213Q-8.10Å, H214R-9.80Å	5		0	2,4,5	
P04637	TP53	T211			T211I-0.00Å, R213L-5.26Å, R213P-5.26Å, R213Q-5.26Å, H214R-8.77Å	5	E171K-9.68Å, V172F-8.30Å, V172G-8.30Å	3	0,2,3	39,40
P04637	TP53	R213	0	1	T211I-5.26Å, R213L-0.00Å, R213P-0.00Å, R213Q-0.00Å, H214R-3.77Å, S215G-6.45Å, S215I-6.45Å, S215N-6.45Å, S215R-6.45Å	9	A161D-8.30Å, A161S-8.30Å, A161T-8.30Å, E171K-8.80Å, V172F-5.68Å, V172G-5.68Å, V173L-7.40Å, V173M-7.40Å, R174W-8.75Å, H193L-9.36Å, H193N-9.36Å, H193P-9.36Å, H193R-9.36Å, H193Y-9.36Å	14	0,1,2	20,39,40,41,42,52
P04637	TP53	S215	6	0	R213L-6.45Å, R213P-6.45Å, R213Q-6.45Å, H214R-3.82Å, S215G-0.00Å, S215I-0.00Å, S215N-0.00Å, S215R-0.00Å, V216L-3.80Å, V216M-3.80Å	10	R158G-6.67Å, R158H-6.67Å, R158L-6.67Å, R158P-6.67Å, R158S-6.67Å, A159P-5.69Å, A159V-5.69Å, A161D-7.52Å, A161S-7.52Å, A161T-7.52Å, H193L-7.52Å, H193N-7.52Å, H193P-7.52Å, H193R-7.52Å, H193Y-7.52Å, L194F-8.78Å, L194H-8.78Å, L194P-8.78Å, L194R-8.78Å, I195F-7.51Å, I195N-7.51Å, I195S-7.51Å, I195T-7.51Å, R196P-9.01Å, Y205C-6.02Å, Y205D-6.02Å, Y205H-6.02Å, Y205N-6.02Å, Y205S-6.02Å, I254S-9.69Å, I255F-9.88Å	31	0,1,2	10,19,20,21,22,39,40,54,56,57
P04637	TP53	Y220	1	0	V218E-6.34Å, V218G-6.34Å, Y220C-0.00Å, Y220H-0.00Å, Y220S-0.00Å	5	L145P-9.41Å, L145R-9.41Å, P151A-8.31Å, P151H-8.31Å, P151R-8.31Å, P151S-8.31Å, P151T-8.31Å, P152L-9.49Å, G154V-7.44Å, T155I-5.46Å, T155N-5.46Å, T155P-5.46Å, R156G-4.83Å, R156P-4.83Å, V157D-5.79Å, V157F-5.79Å, V157G-5.79Å, R158G-9.46Å, R158H-9.46Å, R158L-9.46Å, R158P-9.46Å, R158S-9.46Å, I232F-9.58Å, I232N-9.58Å, I232S-9.58Å, I232T-9.58Å, L257Q-8.16Å, E258D-9.01Å, E258K-9.01Å, E258Q-9.01Å, D259V-9.53Å, D259Y-9.53Å	32	0,2	12,37,38,39,62,63,64,65,66,68,69,75
P04637	TP53	Y234	0	1	I232F-6.36Å, I232N-6.36Å, I232S-6.36Å, I232T-6.36Å, Y234C-0.00Å, Y234H-0.00Å, Y236C-6.83Å, Y236D-6.83Å, M237I-9.78Å, M237K-9.78Å, M237V-9.78Å	11	A138V-8.70Å, K139N-8.13Å, C141G-4.94Å, C141R-4.94Å, C141W-4.94Å, C141Y-4.94Å, V143E-7.44Å, V143G-7.44Å, V143M-7.44Å, A159P-9.05Å, A159V-9.05Å, I195F-6.66Å, I195N-6.66Å, I195S-6.66Å, I195T-6.66Å, R196P-5.59Å, V197G-4.61Å, V197M-4.61Å, G199V-9.36Å, V216L-9.77Å, V216M-9.77Å	21	0,2,3	18,35,37,38,39,75,91,93,95,96
P04637	TP53	R249	3	0	G245C-9.06Å, G245D-9.06Å, G245R-9.06Å, G245S-9.06Å, G245V-9.06Å, M246I-5.48Å, M246R-5.48Å, M246V-5.48Å, R248L-3.86Å, R248P-3.86Å, R248Q-3.86Å, R248W-3.86Å, R249G-0.00Å, R249M-0.00Å, R249S-0.00Å, R249T-0.00Å, R249W-0.00Å, P250L-3.86Å	18	Y163C-6.70Å, Y163D-6.70Å, Y163H-6.70Å, Y163N-6.70Å, K164E-7.63Å, H168R-8.14Å, V173L-9.86Å, V173M-9.86Å, S241C-7.75Å, S241F-7.75Å, S241P-7.75Å, S241Y-7.75Å, C242F-9.66Å, C242S-9.66Å, C242Y-9.66Å, R273C-9.43Å, R273G-9.43Å, R273H-9.43Å, R273L-9.43Å, R273P-9.43Å, R273S-9.43Å	21	0,1,3,4	7,8,24,76,81,85,86
P04637	TP53	S269	3	1	R267P-7.05Å, R267W-7.05Å, F270L-3.82Å, F270S-3.82Å, E271K-7.07Å, E271V-7.07Å, V272G-9.70Å, V272L-9.70Å, V272M-9.70Å	9	R110C-9.10Å, R110L-9.10Å, R110P-9.10Å, N131I-8.42Å, K132E-9.42Å, K132N-9.42Å, K132R-9.42Å, A159P-9.25Å, A159V-9.25Å, A161D-9.54Å, A161S-9.54Å, A161T-9.54Å, I254S-4.36Å, I255F-5.76Å, T256I-8.49Å	15	1,2,3	13,14,15,108,110,137,138,159
P04637	TP53	T284	1	1	G279E-8.68Å, R280G-6.21Å, R280I-6.21Å, R280K-6.21Å, R280S-6.21Å, R280T-6.21Å, D281E-5.09Å, D281H-5.09Å, D281N-5.09Å, D281V-5.09Å, D281Y-5.09Å, R282G-5.48Å, R282P-5.48Å, R282W-5.48Å, R283P-3.82Å, E285K-3.83Å, E285V-3.83Å, E286G-5.57Å, E286K-5.57Å, E286Q-5.57Å	20	P278A-9.94Å, P278H-9.94Å, P278L-9.94Å, P278R-9.94Å, P278S-9.94Å, P278T-9.94Å	6	1,2,3,4,5	6
P04637	TP53	R290			E285K-8.61Å, E285V-8.61Å, E286G-6.18Å, E286K-6.18Å, E286Q-6.18Å	5		0	4,5	
P04637	TP53	K291	3	1	E286G-8.72Å, E286K-8.72Å, E286Q-8.72Å	3	E285K-9.85Å, E285V-9.85Å	2	5	6
P04637	TP53	K292				0	E286G-9.77Å, E286K-9.77Å, E286Q-9.77Å	3		6
P04637	TP53	R333			Q331H-6.75Å, G334V-3.85Å, G334W-3.85Å, R337C-7.01Å, R337H-7.01Å, R337L-7.01Å, R337P-7.01Å	7		0	1,2,4	
P04637	TP53	R335			G334V-3.86Å, G334W-3.86Å, R337C-5.44Å, R337H-5.44Å, R337L-5.44Å, R337P-5.44Å	6		0	1,2	
P04637	TP53	R337			G334V-5.46Å, G334W-5.46Å, R337C-0.00Å, R337H-0.00Å, R337L-0.00Å, R337P-0.00Å, R342P-8.55Å	7		0	0,3,5	
P04637	TP53	K351			L348F-5.02Å	1		0	3	
P05023	ATP1A1	K9			R7C-6.43Å	1		0	2	
P05023	ATP1A1	S943			S943L-0.00Å	1		0	0	
P05771	PRKCB	T40			A41T-3.81Å	1		0	1	
P05771	PRKCB	K76				0	A41T-7.87Å	1		35
P05771	PRKCB	K199	0	5	D203N-7.02Å	1		0	4	
P05771	PRKCB	S206			D203N-5.12Å	1		0	3	
P05771	PRKCB	S241	?	?		0	D203N-9.83Å	1		38
P05771	PRKCB	K362			R361Q-3.83Å	1		0	1	
P05771	PRKCB	K391	?	?		0	S660F-7.14Å	1		269
P05771	PRKCB	K481	?	?		0	D427N-8.89Å	1		54
P05771	PRKCB	T497			D494N-8.26Å	1		0	3	
P05771	PRKCB	S661	14	1	S660F-3.85Å	1		0	1	
P06239	LCK	S42			R39Q-9.59Å	1		0	3	
P06400	RB1	K319			E322K-4.89Å	1		0	3	
P06400	RB1	Y321	0	4	E322K-3.85Å	1		0	1	
P06400	RB1	Y325	0	4	E322K-4.95Å	1		0	3	
P06400	RB1	K327			E322K-8.44Å	1		0	5	
P06400	RB1	K652			V654M-5.67Å	1		0	2	
P06756	ITGAV	N554				0	R592W-9.76Å	1		38
P06756	ITGAV	Y591			R592W-3.84Å	1		0	1	
P06756	ITGAV	N615				0	R592W-9.03Å	1		23
P07949	RET	T350	0	1	A349V-3.87Å	1		0	1	
P07949	RET	S891			S891L-0.00Å	1		0	0	
P07949	RET	Y928				0	M918T-8.92Å	1		10
P07949	RET	Y981			R982H-3.85Å	1		0	1	
P07954	FH	S75			T76M-3.88Å	1		0	1	
P07954	FH	K80			T76M-6.43Å	1		0	4	
P07954	FH	Y491	0	69	E488K-7.95Å	1		0	3	
P08151	GLI1	K319			R314H-8.95Å	1		0	5	
P08238	HSP90AB1	K550			K552M-5.55Å	1		0	2	
P08575	PTPRC	T860	0	1	G865R-8.47Å	1		0	5	
P08575	PTPRC	T862	0	1	G865R-4.91Å	1		0	3	
P08575	PTPRC	Y863			G865R-5.39Å	1		0	2	
P08581	MET	Y1093	0	31		0	V1110I-6.53Å	1		17
P08581	MET	K1110			V1110I-0.00Å, H1112Y-7.12Å	2		0	0,2	
P08581	MET	K1248				0	M1268T-8.58Å	1		20
P08922	ROS1	S866			R863W-6.48Å	1		0	3	
P09619	PDGFRB	Y589				0	S650L-8.70Å	1		61
P09619	PDGFRB	K645			S650L-8.75Å	1		0	5	
P09619	PDGFRB	Y775			D776N-3.77Å	1		0	1	
P09619	PDGFRB	Y778			D776N-6.45Å	1		0	2	
P10242	MYB	S11			E14K-9.85Å	1		0	3	
P10242	MYB	S12			E14K-6.30Å	1		0	2	
P10275	AR	K619			R618W-3.86Å	1		0	1	
P10275	AR	K721				0	R31H-7.74Å	1		690
P10275	AR	S815			F814V-3.88Å	1		0	1	
P10398	ARAF	S214			S217F-9.75Å	1		0	3	
P10398	ARAF	T215			S217F-6.90Å	1		0	2	
P10644	PRKAR1A	S14			R13H-3.85Å	1		0	1	
P10721	KIT	N293				0	S241Y-9.31Å	1		52
P10721	KIT	Y568				0	V559A-9.38Å	1		9
P10721	KIT	Y570				0	V559A-5.84Å	1		11
P10721	KIT	Y578	0	2	L576P-6.59Å	1	K642E-5.69Å	1	2	64
P10721	KIT	K642	?	?	K642E-0.00Å	1	L576P-6.09Å	1	0	66
P10721	KIT	Y721				0	D816H-8.61Å, D816V-8.61Å, D816Y-8.61Å	3		95
P10721	KIT	S821			N822K-3.86Å	1		0	1	
P10721	KIT	Y823	3	14	N822K-3.86Å	1		0	1	
P10721	KIT	S891			R888Q-9.58Å	1		0	3	
P10721	KIT	S959			R956Q-9.48Å, R956W-9.48Å	2		0	3	
P11309	PIM1	T23			K24N-3.82Å	1		0	1	
P11309	PIM1	K24			K24N-0.00Å	1		0	0	
P11309	PIM1	K94	0	1	V96M-5.65Å	1		0	2	
P11309	PIM1	S98	0	1	V96M-5.74Å	1		0	2	
P11362	FGFR1	Y583				0	N577K-8.24Å	1		6
P11362	FGFR1	Y585				0	N577K-9.13Å	1		8
P11387	TOP1	K280			F278L-5.58Å	1		0	2	
P11387	TOP1	K369				0	F278L-9.48Å	1		91
P11802	CDK4	K22	0	4	K22M-0.00Å, K22Q-0.00Å, R24L-7.12Å	3		0	0,2	
P11802	CDK4	K35				0	K22M-9.14Å, K22Q-9.14Å	2		13
P11940	PABPC1	K279			R278H-3.87Å	1		0	1	
P11940	PABPC1	K284				0	R278H-9.59Å	1		6
P11940	PABPC1	R518			R518C-0.00Å	1		0	0	
P12270	TPR	K723			R724C-3.85Å	1		0	1	
P12270	TPR	Y725			R724C-3.86Å	1		0	1	
P12270	TPR	K1603			R1598C-8.26Å	1		0	5	
P12270	TPR	S2073				0	R1598C-9.94Å	1		475
P12270	TPR	S2155			S2155L-0.00Å	1		0	0	
P12524	MYCL	K338			A333V-8.63Å	1		0	5	
P12830	CDH1	N622			R619Q-5.69Å	1		0	3	
P12830	CDH1	N637				0	A655V-5.29Å	1		18
P13796	LCP1	Y598				0	R591Q-9.22Å	1		7
P15056	BRAF	S447				0	G506A-9.33Å, G506E-9.33Å, G506V-9.33Å	3		59
P15056	BRAF	K578				0	K641E-6.49Å, K641N-6.49Å	2		63
P15056	BRAF	S579				0	K641E-9.44Å, K641N-9.44Å	2		62
P15172	MYOD1	T115				0	R121C-9.82Å	1		6
P15498	VAV1	Y160				0	R63H-7.93Å	1		97
P15498	VAV1	K404			D406N-7.15Å	1		0	2	
P15498	VAV1	S683			R678Q-8.79Å	1		0	5	
P15498	VAV1	K716				0	R678Q-9.83Å	1		38
P15498	VAV1	S802	0	1	R798Q-9.85Å	1		0	4	
P15976	GATA1	Y231			A227T-6.14Å	1		0	4	
P16157	ANK1	S429			T426M-9.37Å	1		0	3	
P16234	PDGFRA	S767			K770N-9.79Å	1		0	3	
P16234	PDGFRA	Y768			K770N-6.98Å	1		0	2	
P17612	PRKACA	T89			R94C-8.57Å	1		0	5	
P17612	PRKACA	K93			R94C-3.85Å	1		0	1	
P18074	ERCC2	K69			Y72C-9.66Å	1		0	3	
P18074	ERCC2	K671	0	1		0	S44L-9.82Å	1		627
P19174	PLCG1	Y496				0	V896I-9.10Å	1		400
P19174	PLCG1	K890				0	V896I-6.53Å	1		6
P19532	TFE3	R188			T187A-3.87Å	1		0	1	
P21333	FLNA	T1557				0	V1637M-9.75Å	1		80
P21333	FLNA	S1563				0	V1637M-9.29Å	1		74
P21333	FLNA	T1639			V1637M-6.14Å	1		0	2	
P21333	FLNA	S1976				0	V2007M-7.90Å	1		31
P21333	FLNA	K2000	0	2		0	V2007M-5.89Å	1		7
P21333	FLNA	S2131	0	2		0	E2059K-8.81Å	1		72
P21333	FLNA	K2133				0	E2059K-4.88Å	1		74
P21333	FLNA	S2260			E2258K-7.22Å	1		0	2	
P21333	FLNA	S2284	0	13		0	E2258K-9.22Å	1		26
P21359	NF1	K449				0	Y489C-6.82Å	1		40
P21359	NF1	Y491			Y489C-5.47Å	1		0	2	
P21580	TNFAIP3	K139			R136H-5.12Å	1		0	3	
P21802	FGFR2	S452			T455M-9.87Å	1		0	3	
P21802	FGFR2	S453			T455M-6.87Å	1		0	2	
P21802	FGFR2	T454			T455M-3.83Å	1		0	1	
P21802	FGFR2	T457			T455M-6.49Å	1		0	2	
P21802	FGFR2	Y657			K660E-9.68Å, K660N-9.68Å	2		0	3	
P21802	FGFR2	S780			E778K-5.99Å	1		0	2	
P21860	ERBB3	N250	0	1	A245V-7.92Å	1	G284R-6.13Å	1	5	34
P21860	ERBB3	N353	0	1	T355I-6.22Å	1		0	2	
P21860	ERBB3	N414	?	?		0	T355I-9.14Å	1		59
P21912	SDHB	K233			R230C-5.45Å	1		0	3	
P22626	HNRNPA2B1	S29				0	D87H-6.40Å	1		58
P22626	HNRNPA2B1	T32				0	D87H-6.30Å	1		55
P22626	HNRNPA2B1	S36				0	D87H-7.56Å	1		51
P22626	HNRNPA2B1	Y40				0	D87H-9.41Å	1		47
P22626	HNRNPA2B1	S85			D87H-6.79Å	1		0	2	
P22681	CBL	K203			R206Q-5.25Å	1		0	3	
P23193	TCEA1	Y126			R123Q-8.32Å	1		0	3	
P23193	TCEA1	K199				0	R153Q-9.00Å	1		46
P23458	JAK1	K736				0	Y652H-9.02Å, R724H-9.73Å	2		12,84
P23458	JAK1	K888				0	L910P-6.29Å	1		22
P23458	JAK1	K908			L910P-7.14Å	1		0	2	
P23458	JAK1	K911			L910P-3.82Å	1		0	1	
P23467	PTPRB	Y531			G533E-6.40Å	1		0	2	
P23467	PTPRB	T534			G533E-3.85Å	1		0	1	
P23468	PTPRD	T277			D275Y-5.50Å	1		0	2	
P23468	PTPRD	K1815	0	4		0	R1898C-9.20Å	1		83
P23769	GATA2	Y376	?	?	A372T-6.12Å	1		0	4	
P23769	GATA2	K389				0	A372T-8.95Å	1		17
P23771	GATA3	Y290	0	3	M294K-5.76Å	1	R299Q-9.21Å	1	4	9
P23771	GATA3	K292			M294K-6.04Å	1		0	2	
P24385	CCND1	T286			T286I-0.00Å, P287L-3.87Å, P287T-3.87Å	3		0	0,1	
P24385	CCND1	T288			T286I-5.75Å, P287L-3.83Å, P287T-3.83Å	3		0	1,2	
P24821	TNC	S1310			R1309C-3.87Å	1		0	1	
P24863	CCNC	K30			R25H-9.11Å	1		0	5	
P25106	ACKR3	S347			T352M-8.81Å	1		0	5	
P25106	ACKR3	S350			T352M-5.52Å	1		0	2	
P25106	ACKR3	T352			T352M-0.00Å	1		0	0	
P25106	ACKR3	Y354			T352M-5.46Å	1		0	2	
P25106	ACKR3	S355			T352M-5.18Å	1		0	3	
P25445	FAS	K263			E261K-5.45Å	1		0	2	
P25685	DNAJB1	S16			E18K-5.32Å	1		0	2	
P25685	DNAJB1	K21			E18K-5.09Å	1		0	3	
P26038	MSN	K388	0	4		0	R435Q-9.85Å	1		47
P26038	MSN	S576			E573K-4.84Å	1		0	3	
P26232	CTNNA2	T2			S3L-3.82Å	1		0	1	
P26232	CTNNA2	S3			S3L-0.00Å	1		0	0	
P26232	CTNNA2	S6			S3L-8.76Å	1		0	3	
P26232	CTNNA2	K15	0	12		0	R136C-7.82Å, R136H-7.82Å	2		121
P26232	CTNNA2	S151			M147I-6.10Å	1		0	4	
P26232	CTNNA2	Y417			R422C-8.40Å	1		0	5	
P26232	CTNNA2	S651			R650C-3.87Å	1		0	1	
P26232	CTNNA2	T653			R650C-8.86Å	1		0	3	
P26232	CTNNA2	S654			R650C-8.37Å	1		0	4	
P26232	CTNNA2	S667	0	4	A668T-3.84Å	1		0	1	
P26232	CTNNA2	S939			S939L-0.00Å	1		0	0	
P26232	CTNNA2	S945				0	S939L-9.77Å	1		6
P27540	ARNT	K58			K58T-0.00Å	1		0	0	
P27635	RPL10	Y9				0	R98S-9.38Å	1		89
P27635	RPL10	K74			I70L-5.99Å	1		0	4	
P27635	RPL10	Y75			I70L-8.71Å	1		0	5	
P27635	RPL10	K101			R98S-9.36Å	1		0	3	
P27635	RPL10	K156			R153C-5.28Å	1		0	3	
P27635	RPL10	K158	0	4	R153C-9.69Å	1		0	5	
P27635	RPL10	K164				0	R153C-8.87Å	1		11
P27986	PIK3R1	K379			G376R-9.55Å	1		0	3	
P27986	PIK3R1	Y452				0	L573P-6.41Å	1		121
P27986	PIK3R1	T454				0	L573P-9.80Å	1		119
P27986	PIK3R1	K459				0	K567E-9.00Å, L573P-8.99Å	2		108,114
P27986	PIK3R1	Y463				0	N564D-9.35Å, K567E-7.91Å	2		101,104
P27986	PIK3R1	Y467				0	D560G-8.61Å, D560Y-8.61Å	2		93
P27986	PIK3R1	Y470				0	D560G-7.13Å, D560Y-7.13Å	2		90
P27986	PIK3R1	Y556			D560G-6.34Å, D560Y-6.34Å	2		0	4	
P27986	PIK3R1	K567			N564D-5.32Å, K567E-0.00Å	2		0	0,3	
P27986	PIK3R1	Y679			E683K-9.72Å	1		0	4	
P28340	POLD1	K796				0	P813L-6.47Å	1		17
P28482	MAPK1	K138				0	E322K-7.64Å	1		184
P28482	MAPK1	K164				0	E81K-7.03Å	1		83
P29320	EPHA3	Y742	1	2	R745Q-9.40Å	1		0	3	
P29320	EPHA3	S768	1	3		0	R745Q-6.42Å	1		23
P29350	PTPN6	K360			V362I-7.14Å	1		0	2	
P29992	GNA11	R183			R183C-0.00Å	1		0	0	
P29992	GNA11	Q209			Q209L-0.00Å	1		0	0	
P30153	PPP2R1A	K188			R183Q-8.82Å, R183W-8.82Å	2	R182W-9.92Å	1	5	6
P30153	PPP2R1A	K255			S256F-3.86Å, S256Y-3.86Å, W257L-6.44Å	3		0	1,2	
P31040	SDHA	R507			S509L-5.51Å	1		0	2	
P31040	SDHA	S509	0	1	S509L-0.00Å	1		0	0	
P31040	SDHA	R512	0	1	S509L-5.05Å	1		0	3	
P31040	SDHA	K550	0	10		0	S509L-9.63Å	1		41
P31040	SDHA	R594				0	V525M-9.09Å	1		69
P31151	S100A7	S9				0	D15N-9.80Å	1		6
P31749	AKT1	K14			E17K-9.15Å	1		0	3	
P31749	AKT1	R15			E17K-6.44Å	1		0	2	
P31749	AKT1	K20			E17K-6.20Å	1		0	3	
P31749	AKT1	K39	0	4	E40K-3.83Å	1	L52R-6.93Å	1	1	13
P31749	AKT1	Y326	3	28		0	L52R-9.89Å	1		274
P31939	ATIC	K199			V201I-5.46Å	1		0	2	
P31939	ATIC	K254				0	A262T-9.08Å	1		8
P31939	ATIC	S264			A262T-7.07Å	1		0	2	
P31939	ATIC	S300				0	A262T-8.28Å	1		38
P31939	ATIC	Y303				0	A262T-4.99Å	1		41
P31939	ATIC	R305				0	A262T-8.33Å	1		43
P31939	ATIC	S387				0	R379Q-6.56Å	1		8
P33176	KIF5B	R901			R901H-0.00Å	1		0	0	
P35125	USP6	S1147			S1148L-3.49Å	1		0	1	
P35222	CTNNB1	S29			D32G-7.70Å, D32H-7.70Å, D32N-7.70Å, D32V-7.70Å, D32Y-7.70Å, S33A-9.32Å, S33C-9.32Å, S33F-9.32Å, S33P-9.32Å, S33Y-9.32Å	10		0	3,4	
P35222	CTNNB1	Y30			D32G-5.39Å, D32H-5.39Å, D32N-5.39Å, D32V-5.39Å, D32Y-5.39Å, S33A-8.37Å, S33C-8.37Å, S33F-8.37Å, S33P-8.37Å, S33Y-8.37Å	10		0	2,3	
P35222	CTNNB1	S33			D32G-3.79Å, D32H-3.79Å, D32N-3.79Å, D32V-3.79Å, D32Y-3.79Å, S33A-0.00Å, S33C-0.00Å, S33F-0.00Å, S33P-0.00Å, S33Y-0.00Å, G34E-3.87Å, G34R-3.87Å, G34V-3.87Å, I35S-5.67Å, H36P-8.08Å	15		0	0,1,2,3	
P35222	CTNNB1	S37			G34E-8.91Å, G34R-8.91Å, G34V-8.91Å, I35S-5.59Å, H36P-3.85Å, S37A-0.00Å, S37C-0.00Å, S37F-0.00Å, S37P-0.00Å, T41A-9.41Å, T41I-9.41Å	11		0	0,1,2,3,4	
P35222	CTNNB1	T41			S37A-9.41Å, S37C-9.41Å, S37F-9.41Å, S37P-9.41Å, T41A-0.00Å, T41I-0.00Å, S45C-9.90Å, S45F-9.90Å, S45P-9.90Å, S45Y-9.90Å	10		0	0,4	
P35222	CTNNB1	S45			T41A-9.90Å, T41I-9.90Å, S45C-0.00Å, S45F-0.00Å, S45P-0.00Å, S45Y-0.00Å	6		0	0,4	
P35222	CTNNB1	S47			S45C-5.47Å, S45F-5.47Å, S45P-5.47Å, S45Y-5.47Å	4		0	2	
P35222	CTNNB1	Y331	1	2	E336K-7.83Å	1	K337I-7.27Å, K337T-7.27Å	2	5	6
P35222	CTNNB1	T332			E336K-7.98Å, K337I-7.04Å, K337T-7.04Å	3		0	4,5	
P35222	CTNNB1	Y333			E336K-5.53Å, K337I-6.30Å, K337T-6.30Å	3		0	3,4	
P35222	CTNNB1	K335	0	3	E336K-3.85Å, K337I-5.55Å, K337T-5.55Å	3		0	1,2	
P35222	CTNNB1	K354				0	N389K-9.53Å	1		35
P35222	CTNNB1	T384			N389K-8.68Å	1		0	5	
P35222	CTNNB1	T393			N389K-6.70Å	1		0	4	
P35222	CTNNB1	K394			N389K-9.81Å	1		0	5	
P35222	CTNNB1	T472	1	1		0	R517Q-6.75Å	1		45
P35222	CTNNB1	S473	0	1		0	R517Q-8.69Å	1		44
P35222	CTNNB1	T574	0	2	G577R-5.03Å	1	R537Q-8.15Å	1	3	37
P35240	NF2	T415			R418C-9.80Å	1		0	3	
P35240	NF2	T419			R418C-3.85Å	1		0	1	
P35268	RPL22	R101	0	1		0	R113C-5.33Å	1		12
P35453	HOXD13	S316				0	R307W-8.63Å	1		9
P35579	MYH9	K228				0	E457K-8.59Å	1		229
P35579	MYH9	S375	0	1		0	D384N-9.67Å	1		9
P35579	MYH9	T383			D384N-3.83Å	1		0	1	
P35579	MYH9	T391	0	7	R393H-6.54Å	1	D384N-9.74Å	1	2	7
P35579	MYH9	K403				0	R393H-6.65Å	1		10
P35579	MYH9	K545				0	P522L-10.00Å	1		23
P35579	MYH9	K637			R639Q-7.03Å	1		0	2	
P35579	MYH9	T645				0	E530K-9.93Å	1		115
P35579	MYH9	K1357			A1360T-5.17Å	1		0	3	
P35579	MYH9	S1677			E1681K-5.37Å	1		0	4	
P35658	NUP214	T1021			R1020C-3.87Å	1		0	1	
P35659	DEK	S287			S288T-3.83Å	1		0	1	
P35659	DEK	S288			S288T-0.00Å	1		0	0	
P35659	DEK	T289			S288T-3.83Å	1		0	1	
P35659	DEK	T290			S288T-6.83Å	1		0	2	
P35749	MYH11	K232				0	R280H-7.07Å	1		48
P35749	MYH11	K268				0	R280H-9.60Å	1		12
P35749	MYH11	S395				0	K601N-8.70Å	1		206
P35749	MYH11	T604			K601N-5.10Å	1		0	3	
P35749	MYH11	S1009			R1008Q-3.85Å	1		0	1	
P35749	MYH11	S1444				0	D1438N-9.97Å	1		6
P35916	FLT4	Y830			E829K-3.88Å	1		0	1	
P36507	MAP2K2	K40				0	S127L-9.85Å	1		87
P36507	MAP2K2	K51				0	S127L-9.49Å	1		76
P36507	MAP2K2	K63			E66K-9.54Å	1		0	3	
P36507	MAP2K2	K68			E66K-6.78Å, D71N-5.55Å	2		0	2,3	
P36507	MAP2K2	K209				0	S127L-8.79Å	1		82
P36888	FLT3	Y589	7	1	V592A-9.42Å, V592G-9.42Å	2	V579A-6.03Å	1	3	10
P36888	FLT3	Y591	16	0	V592A-3.82Å, V592G-3.82Å	2	Q577P-6.40Å, V579A-4.63Å	2	1	12,14
P36888	FLT3	Y597	2	0	V592A-9.85Å, V592G-9.85Å	2	K663R-6.82Å	1	5	66
P36888	FLT3	Y599	6	2		0	K663R-6.16Å	1		64
P36888	FLT3	K614	0	2	G617E-9.17Å	1	A627T-7.67Å	1	3	13
P36888	FLT3	K623	0	1		0	G617E-5.62Å, D835E-9.86Å, D835H-9.86Å, D835V-9.86Å, D835Y-9.86Å	5		6,212
P36888	FLT3	Y630			A627T-9.69Å	1		0	3	
P36888	FLT3	S840			D839G-3.85Å, Y842H-5.41Å	2		0	1,2	
P36888	FLT3	Y842	5	78	D839G-5.89Å, Y842H-0.00Å	2	D835E-9.99Å, D835H-9.99Å, D835V-9.99Å, D835Y-9.99Å	4	0,3	7
P36888	FLT3	S993			E991K-7.29Å	1		0	2	
P37173	TGFBR2	Y284			R279H-6.85Å	1		0	5	
P37173	TGFBR2	Y470			D471N-3.81Å	1		0	1	
P37173	TGFBR2	S548			E544K-6.30Å, D549N-3.86Å, R553C-9.51Å, R553H-9.51Å	4		0	1,4,5	
P37173	TGFBR2	S551			D549N-5.57Å, R553C-5.71Å, R553H-5.71Å	3		0	2	
P37173	TGFBR2	S553			D549N-7.18Å, R553C-0.00Å, R553H-0.00Å	3		0	0,4	
P37173	TGFBR2	K556			R553C-8.73Å, R553H-8.73Å	2		0	3	
P37173	TGFBR2	S562			R562C-0.00Å	1		0	0	
P37275	ZEB1	S1016			A1016V-0.00Å	1		0	0	
P37275	ZEB1	S1018			A1016V-7.28Å	1		0	2	
P38936	CDKN1A	K141			R142W-3.85Å	1		0	1	
P38936	CDKN1A	T145			R142W-9.06Å	1		0	3	
P39748	FEN1	T336			R339H-7.55Å	1		0	3	
P40259	CD79B	Y196			Y197F-3.79Å	1		0	1	
P40337	VHL	S68	2	2	S65L-8.70Å	1	H115N-8.26Å, H115Y-8.26Å	2	3	47
P40337	VHL	S72	3	1	V74D-6.17Å	1	S111N-5.14Å, H115N-9.22Å, H115Y-9.22Å	3	2	39,43
P40337	VHL	R79	0	4		0	V130F-9.56Å, I151T-5.50Å	2		51,72
P40337	VHL	S80	1	2		0	D121Y-9.52Å, L128H-8.48Å, I151T-6.45Å	3		41,48,71
P40337	VHL	T100				0	D121Y-9.23Å	1		21
P40337	VHL	S111	1	1	S111N-0.00Å, H115N-6.86Å, H115Y-6.86Å	3	V74D-6.59Å, W88R-9.60Å	2	0,4	23,37
P40337	VHL	Y112	1	0	S111N-3.84Å, H115N-5.65Å, H115Y-5.65Å	3	S65L-8.97Å, V74D-8.99Å	2	1,3	38,47
P40337	VHL	K159	1	0	L158V-3.87Å, C162Y-5.23Å	2	L184P-9.77Å	1	1,3	25
P40337	VHL	S168	1	0	L169P-3.86Å	1	C162Y-9.96Å	1	1	6
P40337	VHL	K171			L169P-6.87Å	1		0	2	
P40337	VHL	Y175	1	0	L178P-5.72Å	1	L184P-9.02Å, L188P-7.08Å	2	3	9,13
P40337	VHL	S183			L184P-3.85Å, L188P-8.85Å	2		0	1,5	
P40337	VHL	Y185	0	6	L184P-3.85Å, L188P-5.06Å	2	L178P-8.24Å	1	1,3	7
P40337	VHL	T202			R205C-5.16Å	1		0	3	
P40692	MLH1	K33				0	R265C-9.69Å	1		232
P40692	MLH1	Y183				0	R265C-8.78Å	1		82
P40692	MLH1	S295				0	R265C-9.06Å	1		30
P40692	MLH1	T386			R385C-3.83Å	1		0	1	
P40692	MLH1	S388			R385C-7.62Å	1		0	3	
P40763	STAT3	K318				0	R455Q-7.04Å	1		137
P40763	STAT3	K365				0	R455Q-9.64Å	1		90
P40763	STAT3	K409			H410R-3.84Å	1		0	1	
P40763	STAT3	T440				0	R455Q-7.16Å	1		15
P40763	STAT3	K601	1	3		0	Y672F-9.64Å	1		71
P40763	STAT3	Y674	0	3	Y672F-6.30Å	1		0	2	
P40763	STAT3	K679				0	Y672F-5.37Å	1		7
P40763	STAT3	S691			D693Y-6.36Å	1		0	2	
P40818	USP8	S641			R640Q-3.85Å	1		0	1	
P41161	ETV5	K468			P465L-8.66Å	1		0	3	
P41182	BCL6	S597			R594Q-4.95Å	1		0	3	
P41212	ETV6	K11			R14Q-9.73Å	1		0	3	
P41212	ETV6	S16			R14Q-6.38Å	1		0	2	
P41212	ETV6	Y17			R14Q-9.89Å	1		0	3	
P41212	ETV6	Y401	0	3	R399C-5.38Å	1		0	2	
P41212	ETV6	Y402	0	3	R399C-5.24Å	1		0	3	
P41212	ETV6	K403			R399C-7.15Å	1		0	4	
P42226	STAT6	K613				0	G575R-9.47Å	1		38
P42336	PIK3CA	K100				0	E81K-9.40Å	1		19
P42336	PIK3CA	Y355			R357Q-6.42Å	1	C378F-8.93Å	1	2	23
P42336	PIK3CA	Y361			G364R-6.53Å, E365K-5.57Å	2		0	3,4	
P42336	PIK3CA	K973			E970K-5.80Å	1		0	3	
P42336	PIK3CA	Y1021			Y1021C-0.00Å, Y1021H-0.00Å, T1025A-6.32Å	3	D939G-7.72Å	1	0,4	82
P42336	PIK3CA	Y1038			M1043I-8.66Å, M1043V-8.66Å	2	T1025A-8.60Å, N1044K-9.81Å	2	5	6,13
P42338	PIK3CB	K418			T417M-3.78Å	1		0	1	
P42338	PIK3CB	Y962				0	L1049R-7.90Å	1		87
P42338	PIK3CB	K1044			L1049R-8.66Å	1		0	5	
P42338	PIK3CB	S1070			D1067V-6.52Å	1		0	3	
P42345	MTOR	Y1804			E1799K-8.63Å	1		0	5	
P42345	MTOR	S1893			F1888L-8.57Å	1		0	5	
P42345	MTOR	K2218			S2215F-5.10Å, S2215Y-5.10Å	2		0	3	
P42345	MTOR	K2496			I2500F-6.44Å, I2500M-6.44Å, I2501F-8.75Å	3		0	4,5	
P42574	CASP3	K105	0	4		0	R147C-8.49Å	1		42
P42574	CASP3	S150	3	0	R147C-9.11Å	1		0	3	
P42574	CASP3	T152	1	0	R147C-8.89Å	1		0	5	
P42680	TEC	Y188				0	V234I-7.55Å	1		46
P42680	TEC	Y206				0	E181K-9.90Å, V234I-8.63Å	2		25,28
P42680	TEC	Y233			V234I-3.83Å	1		0	1	
P42684	ABL2	Y683			E684K-3.89Å	1		0	1	
P42702	LIFR	N303			R302H-3.82Å	1		0	1	
P42702	LIFR	K866			R862Q-6.27Å	1		0	4	
P42768	WAS	S483			E486K-8.08Å	1		0	3	
P42768	WAS	S484			E486K-6.98Å	1		0	2	
P42771	CDKN2A	Y44				0	D74N-9.74Å	1		30
P42771	CDKN2A	R99			H98P-3.86Å	1		0	1	
P42771	CDKN2A	R131				0	P114L-9.56Å, P114T-9.56Å	2		17
P43146	DCC	T521				0	R443Q-6.68Å	1		78
P43405	SYK	S579			G578E-3.86Å	1		0	1	
P43405	SYK	T582			G578E-6.32Å	1		0	4	
P43405	SYK	Y629			R625W-6.37Å	1		0	4	
P43405	SYK	Y630			R625W-8.62Å	1		0	5	
P45985	MAP2K4	K140			R145W-8.72Å	1		0	5	
P45985	MAP2K4	K143			R145W-5.48Å	1		0	2	
P46100	ATRX	K601			G602C-3.18Å	1		0	1	
P46100	ATRX	S783			R781Q-7.11Å	1		0	2	
P46100	ATRX	K805			K806N-3.26Å	1		0	1	
P46100	ATRX	K806			K806N-0.00Å	1		0	0	
P46100	ATRX	T1928			K1930N-7.15Å	1		0	2	
P46531	NOTCH1	T1725	?	?		0	L1574P-9.13Å	1		151
P46777	RPL5	K158				0	R54C-9.41Å	1		104
P46777	RPL5	Y207			R209H-5.46Å	1		0	2	
P46777	RPL5	R209			R209H-0.00Å	1		0	0	
P46777	RPL5	Y219	0	1		0	R209H-8.88Å	1		10
P46777	RPL5	T232				0	R209H-9.23Å	1		23
P47813	EIF1AX	K94			E99K-9.40Å	1	W70C-8.56Å	1	5	24
P47813	EIF1AX	K104			E99K-8.62Å	1		0	5	
P48735	IDH2	T138			R140Q-5.73Å	1		0	2	
P48735	IDH2	T146				0	R140Q-8.59Å, R172K-5.63Å, R172M-5.63Å, R172S-5.63Å	4		6,26
P49589	CARS1	K48			A50T-6.46Å	1		0	2	
P49589	CARS1	K148			A145T-5.44Å	1		0	3	
P49711	CTCF	T317			R320H-8.81Å	1		0	3	
P49711	CTCF	T319			R320H-3.82Å	1		0	1	
P49711	CTCF	T333				0	R320H-7.69Å	1		13
P49711	CTCF	Y343			R339Q-6.24Å, R339W-6.24Å, R341H-5.51Å	3		0	2,4	
P49711	CTCF	T346			R341H-6.20Å	1		0	5	
P49711	CTCF	K352			S354F-6.63Å	1		0	2	
P49711	CTCF	T374			R371H-4.93Å, R377C-8.99Å, R377H-8.99Å	3		0	3	
P49711	CTCF	K436				0	R448Q-6.96Å	1		12
P49711	CTCF	K449			R448Q-3.87Å	1		0	1	
P49711	CTCF	S450			R448Q-5.45Å	1		0	2	
P49711	CTCF	K689			E687K-5.97Å	1		0	2	
P49802	RGS7	K38			P42S-8.99Å	1		0	4	
P49802	RGS7	S229				0	E124K-6.59Å	1		105
P49802	RGS7	S241			S241N-0.00Å	1		0	0	
P49802	RGS7	S434	1	0		0	L360V-9.82Å	1		74
P49815	TSC2	K72				0	R115H-8.95Å	1		43
P49815	TSC2	S540			R537H-8.97Å	1		0	3	
P49815	TSC2	K914			R917W-5.30Å	1		0	3	
P49915	GMPS	S313				0	R322I-9.72Å	1		9
P50148	GNAQ	S53				0	R183Q-9.11Å	1		130
P50148	GNAQ	R183			R183Q-0.00Å	1		0	0	
P50148	GNAQ	T187				0	Q209L-9.08Å, Q209P-9.08Å	2		22
P50148	GNAQ	Q209			Q209L-0.00Å, Q209P-0.00Å	2		0	0	
P50570	DNM2	S357			R361Q-6.39Å	1		0	4	
P51532	SMARCA4	K831				0	A855V-4.64Å	1		24
P51532	SMARCA4	K991				0	R1199Q-4.66Å, R1199W-4.66Å	2		208
P51532	SMARCA4	K997				0	G1296S-5.48Å	1		299
P51532	SMARCA4	K1227	0	3		0	E946K-9.42Å, A1250V-7.39Å	2		23,281
P51532	SMARCA4	K1386	0	3		0	R1037Q-9.51Å, R1037W-9.51Å	2		349
P51826	AFF3	S921			E919K-6.91Å	1		0	2	
P52333	JAK3	S15			R14H-3.63Å	1		0	1	
P52333	JAK3	S17			R14H-7.17Å	1		0	3	
P52333	JAK3	S663				0	R657Q-8.43Å	1		6
P52701	MSH6	K957			R959H-5.68Å	1		0	2	
P52701	MSH6	K1092			R1095H-9.04Å	1		0	3	
P52701	MSH6	K1240			R1242H-6.81Å	1		0	2	
P53675	CLTCL1	S989			S989L-0.00Å	1		0	0	
P54098	POLG	K383			R386C-5.03Å	1		0	3	
P54278	PMS2	K413			V415M-7.40Å	1		0	2	
P54278	PMS2	S624			S624Y-0.00Å	1		0	0	
P54278	PMS2	K630				0	S624Y-9.67Å	1		6
P55196	AFDN	S1512			S1509N-9.08Å	1		0	3	
P55197	MLLT10	S686			R688L-7.41Å	1		0	2	
P55211	CASP9	K189			R193H-6.11Å	1		0	4	
P55211	CASP9	S195			R193H-5.40Å	1		0	2	
P55211	CASP9	S196			R193H-5.15Å	1		0	3	
P55317	FOXA1	S223			D226G-7.70Å, D226N-7.70Å	2		0	3	
P55317	FOXA1	K267				0	D226G-6.20Å, D226N-6.20Å, S250F-9.54Å	3		17,41
P58012	FOXL2	Y83				0	E69D-9.36Å	1		14
P60484	PTEN	K6	0	1	S10N-6.23Å	1	D24G-8.05Å, D24H-8.05Å, G44D-8.95Å, R47K-5.83Å	4	4	18,38,41
P60484	PTEN	K13	6	0	S10N-5.44Å, R14M-3.83Å	2	D24G-7.29Å, D24H-7.29Å, G36R-9.61Å, A126D-9.07Å, A126S-9.07Å, A126T-9.07Å, G127R-8.72Å, G127V-8.72Å, R159S-5.93Å, G165E-8.72Å, G165R-8.72Å	11	1,3	11,23,113,114,146,152
P60484	PTEN	Y27	1	0		0	R14M-9.54Å, R159S-8.06Å	2		13,132
P60484	PTEN	Y46	1	45	G44D-5.47Å, R47K-3.88Å	2	S10N-8.98Å	1	1,2	36
P60484	PTEN	Y68	2	1	C71Y-9.32Å	1	H123Y-6.24Å, C124G-8.57Å, C124S-8.57Å, M134I-9.96Å	4	3	55,56,66
P60484	PTEN	K125	2	0	H123Y-6.84Å, C124G-3.85Å, C124S-3.85Å, A126D-3.85Å, A126S-3.85Å, A126T-3.85Å, G127R-5.92Å, G127V-5.92Å, G129E-9.40Å, G129R-9.40Å, R130G-8.52Å, R130L-8.52Å, R130P-8.52Å, R130Q-8.52Å	14	G36R-5.68Å, P38S-8.67Å, R47K-9.17Å, C71Y-6.61Å, D92E-7.84Å, D92N-7.84Å, D92V-7.84Å, D92Y-7.84Å	8	1,2,4,5	33,54,78,87,89
P60484	PTEN	K128	3	0	H123Y-8.29Å, C124G-7.50Å, C124S-7.50Å, A126D-5.39Å, A126S-5.39Å, A126T-5.39Å, G127R-3.86Å, G127V-3.86Å, G129E-3.87Å, G129R-3.87Å, R130G-6.03Å, R130L-6.03Å, R130P-6.03Å, R130Q-6.03Å, G132D-5.68Å	15	S10N-9.93Å, G36R-7.89Å, H93R-9.79Å, Y155C-9.20Å, R159S-7.66Å, G165E-5.85Å, G165R-5.85Å	7	1,2,4,5	27,31,35,37,92,118
P60484	PTEN	Y138	3	0	M134I-6.22Å, C136F-5.46Å, C136R-5.46Å, C136Y-5.46Å, R142W-6.20Å	5	I101T-8.25Å, G132D-9.79Å	2	2,4	6,37
P60484	PTEN	Y155	2	1	Y155C-0.00Å, R159S-5.73Å	2	G132D-6.53Å, C136F-6.98Å, C136R-6.98Å, C136Y-6.98Å, G165E-6.10Å, G165R-6.10Å	6	0,4	10,19,23
P60484	PTEN	K163	1	1	R159S-7.72Å, G165E-5.85Å, G165R-5.85Å	3	Y155C-8.06Å	1	2,4	8
P60484	PTEN	K164	0	1	R159S-8.49Å, G165E-3.87Å, G165R-3.87Å	3	G129E-9.16Å, G129R-9.16Å, Y155C-8.90Å	3	1,5	9,35
P60484	PTEN	Y174	2	13	S170N-6.56Å, R173C-3.84Å, R173H-3.84Å, Y174C-0.00Å	4	I101T-8.83Å, M134I-9.43Å, C136F-9.99Å, C136R-9.99Å, C136Y-9.99Å	5	0,1,4	38,40,73
P60484	PTEN	Y176	0	11	R173C-4.96Å, R173H-4.96Å, Y174C-5.32Å	3	C136F-9.68Å, C136R-9.68Å, C136Y-9.68Å, S170N-9.84Å	4	2,3	6,40
P60484	PTEN	Y177			R173C-6.04Å, R173H-6.04Å, Y174C-4.79Å	3		0	3,4	
P60484	PTEN	Y178	0	11	R173C-8.62Å, R173H-8.62Å, Y174C-6.09Å	3	I101T-7.52Å, C136F-9.61Å, C136R-9.61Å, C136Y-9.61Å	4	4,5	42,77
P60484	PTEN	S179	1	4	Y174C-8.42Å	1	C136F-9.42Å, C136R-9.42Å, C136Y-9.42Å, R173C-9.64Å, R173H-9.64Å	5	5	6,43
P60484	PTEN	Y180	0	3		0	Y174C-9.60Å	1		6
P60484	PTEN	K254	4	1		0	S170N-9.54Å	1		84
P60484	PTEN	T321	1	0		0	F341C-6.15Å, F341V-6.15Å	2		20
P60484	PTEN	Y336			F341C-9.91Å, F341V-9.91Å	2		0	5	
P61244	MAX	K24			H28R-6.19Å	1		0	4	
P61244	MAX	K40	0	1	R35H-8.68Å, R35L-8.68Å, R36W-6.12Å	3	R60Q-9.30Å, R60W-9.30Å	2	4,5	20
P61244	MAX	S42	0	3		0	R36W-9.82Å	1		6
P61244	MAX	K57			R60Q-9.92Å, R60W-9.92Å	2		0	3	
P61244	MAX	S59			R60Q-3.86Å, R60W-3.86Å	2		0	1	
P61586	RHOA	K7	?	?	R5Q-6.92Å, R5W-6.92Å	2	L57V-6.23Å	1	2	50
P61586	RHOA	T19	0	2		0	Y34C-9.08Å, E40Q-8.54Å	2		15,21
P61586	RHOA	S26	1	2		0	Y42C-7.17Å, L57V-8.88Å	2		16,31
P61586	RHOA	K27	?	?		0	Y42C-9.46Å	1		15
P61586	RHOA	Y34	2	15	Y34C-0.00Å	1		0	0	
P61586	RHOA	T37	?	?	Y34C-8.98Å, E40Q-7.20Å	2	G62E-7.77Å	1	3	25
P61586	RHOA	N41	?	?	E40Q-3.82Å, Y42C-3.80Å	2	L57V-5.66Å	1	1	16
P61586	RHOA	Y42	6	0	E40Q-6.90Å, Y42C-0.00Å	2	L57V-4.94Å	1	0,2	15
P61586	RHOA	T60	?	?	L57V-9.85Å, G62E-6.45Å	2	E40Q-6.87Å, L69P-9.11Å	2	2,3	9,20
P61586	RHOA	Y66			G62E-7.61Å, L69P-5.09Å	2		0	3,4	
P61586	RHOA	K104			F106L-5.71Å	1		0	2	
P61769	B2M	K61				0	E97K-5.84Å	1		36
P61769	B2M	K114				0	E97K-7.47Å	1		17
P63000	RAC1	Y32	1	1	P29L-7.36Å, P29S-7.36Å	2		0	3	
P78324	SIRPA	K183				0	R241C-9.58Å	1		58
P78545	ELF3	K264			E262Q-6.30Å	1		0	2	
P78549	NTHL1	T160	?	?	A156V-8.17Å	1		0	4	
P84022	SMAD3	S264			R268C-8.12Å, R268H-8.12Å	2		0	4	
P84022	SMAD3	T412			S416F-8.52Å	1		0	4	
P84022	SMAD3	S416			S416F-0.00Å	1		0	0	
P84022	SMAD3	S418			S416F-6.49Å	1		0	2	
P84103	SRSF3	S95			R99H-7.93Å	1		0	4	
P84103	SRSF3	R98			R99H-3.81Å	1		0	1	
P98175	RBM10	S845			S846L-3.83Å	1		0	1	
Q00534	CDK6	S223			R220C-9.48Å	1		0	3	
Q00534	CDK6	K257				0	V234M-8.83Å	1		23
Q01105	SET	K172	1	7	E170K-6.35Å	1		0	2	
Q01130	SRSF2	R94			P95H-3.87Å, P95L-3.87Å, P95R-3.87Å	3		0	1	
Q01130	SRSF2	S98			P95H-7.97Å, P95L-7.97Å, P95R-7.97Å	3		0	3	
Q01196	RUNX1	S67				0	R162G-9.15Å	1		95
Q01196	RUNX1	K182			P184L-5.99Å	1		0	2	
Q01196	RUNX1	S193			D198N-9.13Å	1		0	5	
Q01196	RUNX1	S199			D198N-3.85Å, R204Q-8.43Å	2		0	1,5	
Q01196	RUNX1	R206			R204Q-5.44Å	1		0	2	
Q01196	RUNX1	T207	1	2	R204Q-5.12Å	1		0	3	
Q01196	RUNX1	R210				0	R204Q-9.77Å	1		6
Q01196	RUNX1	T230			R232W-7.09Å	1		0	2	
Q01543	FLI1	K67			R68W-3.83Å	1		0	1	
Q01543	FLI1	R438			R438H-0.00Å	1		0	0	
Q01844	EWSR1	R461			R460W-3.84Å	1		0	1	
Q02535	ID3	Y48				0	L64F-9.79Å	1		16
Q02535	ID3	S65	1	0	L64F-3.80Å	1		0	1	
Q02750	MAP2K1	T55			F53L-5.57Å, Q56P-3.85Å, K57N-5.50Å	3		0	1,2	
Q02750	MAP2K1	K57			F53L-6.07Å, Q56P-3.86Å, K57N-0.00Å	3		0	0,1,4	
Q02750	MAP2K1	K64			D67N-5.50Å	1		0	3	
Q02750	MAP2K1	K88				0	D67N-5.50Å	1		21
Q02750	MAP2K1	K175				0	P124L-9.04Å, P124S-9.04Å	2		51
Q02750	MAP2K1	K205			E203K-6.45Å	1	P124L-6.99Å, P124S-6.99Å	2	2	81
Q02750	MAP2K1	T388				0	E203K-7.49Å	1		185
Q04721	NOTCH2	T2295			R2298W-7.43Å	1		0	3	
Q04721	NOTCH2	T2296			R2298W-6.60Å	1		0	2	
Q04771	ACVR1	T203			R206H-5.75Å	1		0	3	
Q04771	ACVR1	K340				0	S290L-5.19Å	1		50
Q06124	PTPN11	T59	0	3	G60V-3.83Å, D61V-5.94Å, D61Y-5.94Å	3	S506L-8.23Å, S506P-8.23Å, G507A-7.41Å, G507V-7.41Å	4	1,2	447,448
Q06124	PTPN11	Y62	1	2117	G60V-6.10Å, D61V-3.88Å, D61Y-3.88Å	3	F71L-5.78Å, A72D-5.34Å, A72T-5.34Å, A72V-5.34Å, S506L-6.64Å, S506P-6.64Å, G507A-8.98Å, G507V-8.98Å	8	1,2	9,10,444,445
Q06124	PTPN11	Y63	1	84	G60V-8.29Å, D61V-7.36Å, D61Y-7.36Å	3	E69K-8.52Å, F71L-5.13Å, A72D-6.22Å, A72T-6.22Å, A72V-6.22Å, E76A-9.65Å, E76G-9.65Å, E76K-9.65Å, E76Q-9.65Å, E76V-9.65Å, S506L-8.19Å, S506P-8.19Å, G507A-9.60Å, G507V-9.60Å	14	2,3	6,8,9,13,443,444
Q06124	PTPN11	Y66	0	15	E69K-7.83Å	1	T42A-9.71Å	1	3	24
Q06124	PTPN11	T73	1	0	F71L-5.59Å, A72D-3.87Å, A72T-3.87Å, A72V-3.87Å, E76A-5.21Å, E76G-5.21Å, E76K-5.21Å, E76Q-5.21Å, E76V-5.21Å	9	S506L-7.89Å, S506P-7.89Å	2	1,2,3	433
Q06124	PTPN11	Y80	0	1	E76A-5.91Å, E76G-5.91Å, E76K-5.91Å, E76Q-5.91Å, E76V-5.91Å	5	E69K-9.75Å, F71L-9.09Å	2	4	9,11
Q06124	PTPN11	S142			D146Y-8.42Å	1		0	4	
Q06124	PTPN11	Y279				0	E69K-8.45Å, F71L-7.90Å, A72D-9.37Å, A72T-9.37Å, A72V-9.37Å	5		207,208,210
Q06124	PTPN11	K280	0	2		0	E69K-7.89Å, F71L-8.29Å	2		209,211
Q06124	PTPN11	S460	?	?	A465T-8.50Å	1	D61V-6.93Å, D61Y-6.93Å	2	5	399
Q06124	PTPN11	T466	?	?	A465T-3.86Å	1	D61V-9.31Å, D61Y-9.31Å, S506L-9.87Å, S506P-9.87Å	4	1	40,405
Q06124	PTPN11	Y511			S506L-7.99Å, S506P-7.99Å, G507A-6.36Å, G507V-6.36Å, T511K-0.00Å, Q514L-5.38Å, R516Q-9.04Å	7		0	0,3,4,5	
Q06124	PTPN11	Y515	0	16	T511K-6.91Å, Q514L-3.84Å, R516Q-3.85Å	3	T472M-8.39Å	1	1,4	43
Q06187	BTK	Y551			R554Q-7.64Å	1		0	3	
Q06187	BTK	T552			R554Q-6.44Å	1		0	2	
Q06187	BTK	K558			R554Q-8.87Å	1		0	4	
Q06187	BTK	S564				0	R554Q-8.80Å	1		10
Q06187	BTK	S604				0	R554Q-9.98Å	1		50
Q07812	BAX	T85	0	1	R89Q-9.03Å	1		0	4	
Q07812	BAX	S87			R89Q-5.46Å	1		0	2	
Q07812	BAX	T135	0	1	I133M-5.41Å	1	R89Q-8.55Å	1	2	46
Q07864	POLE	K425	0	2	L424I-3.88Å	1		0	1	
Q07864	POLE	K792			R793C-3.85Å	1		0	1	
Q07864	POLE	T2023			V2025M-6.62Å	1		0	2	
Q08881	ITK	K61			R59Q-6.27Å	1		0	2	
Q08881	ITK	Y180				0	E196K-9.30Å	1		16
Q08881	ITK	Y198			E196K-6.76Å	1		0	2	
Q09472	EP300	R580	?	?	R580Q-0.00Å	1		0	0	
Q09472	EP300	Y620				0	R580Q-8.65Å	1		40
Q09472	EP300	K1167			C1164Y-8.70Å	1		0	3	
Q09472	EP300	K1336				0	E1514K-7.06Å	1		178
Q09472	EP300	K1340				0	E1514K-9.62Å	1		174
Q09472	EP300	K1518	1	0	E1514K-6.08Å	1		0	4	
Q09472	EP300	T1632			R1627W-8.67Å, A1629V-5.07Å	2		0	3,5	
Q09472	EP300	S2315			R2317Q-7.00Å	1		0	2	
Q09472	EP300	R2317			R2317Q-0.00Å	1		0	0	
Q09472	EP300	S2320			R2317Q-9.78Å	1		0	3	
Q12778	FOXO1	S22			S22W-0.00Å	1		0	0	
Q12778	FOXO1	T24			S22W-4.88Å	1		0	2	
Q12778	FOXO1	T182				0	R225C-9.41Å, R225H-9.41Å	2		43
Q12778	FOXO1	K210			R214C-6.58Å	1		0	4	
Q12778	FOXO1	S212			R214C-5.54Å	1		0	2	
Q12778	FOXO1	S218	0	2	R214C-6.51Å	1	R225C-8.70Å, R225H-8.70Å	2	4	7
Q12778	FOXO1	T317			R314C-9.36Å, R314H-9.36Å, R316Q-3.85Å	3		0	1,3	
Q12778	FOXO1	S318			R316Q-6.00Å	1		0	2	
Q12778	FOXO1	S319			R316Q-8.43Å	1		0	3	
Q12864	CDH17	Y489				0	S549Y-9.68Å	1		60
Q12864	CDH17	S548			S549Y-3.84Å	1		0	1	
Q12879	GRIN2A	K438				0	V419M-9.61Å	1		19
Q12879	GRIN2A	S511			S511L-0.00Å	1	V417I-8.28Å	1	0	94
Q12879	GRIN2A	S890			T888M-6.68Å	1		0	2	
Q12879	GRIN2A	S1291			R1288H-9.03Å	1		0	3	
Q12879	GRIN2A	S1416			R1417W-3.86Å	1		0	1	
Q12879	GRIN2A	Y1423			S1425L-6.27Å	1		0	2	
Q12879	GRIN2A	S1459			E1461K-6.72Å	1		0	2	
Q12923	PTPN13	S887			S887L-0.00Å	1		0	0	
Q12923	PTPN13	S890			S887L-4.94Å	1		0	3	
Q13015	MLLT11	S84			E86K-5.57Å	1		0	2	
Q13233	MAP3K1	K1371				0	S1330L-9.61Å	1		41
Q13422	IKZF1	K157			G158S-3.85Å, N159S-5.42Å, N159Y-5.42Å	3		0	1,2	
Q13422	IKZF1	K301			E304K-5.15Å	1		0	3	
Q13422	IKZF1	S427			E430K-9.26Å	1		0	3	
Q13422	IKZF1	K429			E430K-3.79Å	1		0	1	
Q13469	NFATC2	Y346			R343H-9.47Å	1		0	3	
Q13485	SMAD4	Y95	0	1	H92Y-5.48Å, R97H-5.32Å	2		0	2,3	
Q13485	SMAD4	K106				0	H92Y-9.09Å, R97H-9.82Å	2		9,14
Q13485	SMAD4	K113	0	6	A118V-9.25Å	1		0	5	
Q13485	SMAD4	K122			A118V-7.50Å	1		0	4	
Q13485	SMAD4	K385	0	4	G386D-3.87Å, G386V-3.87Å	2		0	1	
Q13485	SMAD4	K428				0	A406T-6.46Å, A406V-6.46Å	2		22
Q13485	SMAD4	S504	0	2		0	A406T-9.16Å, A406V-9.16Å, W524C-4.04Å	3		20,98
Q13485	SMAD4	K507				0	A406T-8.01Å, A406V-8.01Å, W524C-9.13Å	3		17,101
Q13485	SMAD4	K519	2	3	W524C-8.13Å	1		0	5	
Q13535	ATR	K1019	0	1	R1015Q-6.22Å	1	R1025C-7.83Å	1	4	6
Q13535	ATR	K2404			R2407C-5.24Å	1		0	3	
Q13635	PTCH1	T1195			R1192H-8.75Å	1		0	3	
Q13635	PTCH1	S1425			S1425L-0.00Å	1		0	0	
Q13772	NCOA4	K42			R40Q-5.45Å	1		0	2	
Q13882	PTK6	S446			E448K-7.13Å	1		0	2	
Q13882	PTK6	Y447			E448K-3.87Å	1		0	1	
Q14145	KEAP1	T43			S45F-6.39Å	1		0	2	
Q14145	KEAP1	K131	0	8		0	V155F-8.87Å	1		24
Q14145	KEAP1	K312				0	R470C-9.21Å, R470H-9.21Å	2		158
Q14145	KEAP1	K551			R554Q-9.43Å	1		0	3	
Q14145	KEAP1	S599	1	1	R601L-6.30Å	1	G333C-9.99Å, G333S-9.99Å	2	2	266
Q14145	KEAP1	S602	1	1	R601L-3.83Å	1	G333C-5.29Å, G333S-5.29Å, R554Q-8.88Å	3	1	48,269
Q14202	ZMYM3	S297			R295C-6.63Å	1		0	2	
Q14202	ZMYM3	K1072				0	R1100C-8.33Å	1		28
Q14202	ZMYM3	K1100			R1100C-0.00Å	1		0	0	
Q14203	DCTN1	T145			R143Q-6.88Å	1		0	2	
Q14240	EIF4A2	K382			K383N-3.85Å	1		0	1	
Q14683	SMC1A	Y105				0	R96H-4.70Å	1		9
Q14683	SMC1A	K106				0	R96H-6.18Å	1		10
Q14683	SMC1A	T182				0	R188C-9.92Å	1		6
Q14683	SMC1A	Y186			R188C-5.50Å	1		0	2	
Q14683	SMC1A	K189			R188C-3.87Å	1		0	1	
Q14683	SMC1A	K190			R188C-5.49Å	1		0	2	
Q14683	SMC1A	K508			R509H-3.86Å	1		0	1	
Q14683	SMC1A	Y511			R509H-5.60Å	1		0	2	
Q14683	SMC1A	K1037				0	R188C-9.93Å	1		849
Q14683	SMC1A	T1041				0	R188C-7.04Å	1		853
Q14790	CASP8	K130			R127Q-9.30Å	1		0	3	
Q14790	CASP8	K156			S158F-5.96Å	1		0	2	
Q14790	CASP8	K229	0	4		0	R307W-8.68Å	1		78
Q14790	CASP8	S230	?	?		0	R307W-5.86Å	1		77
Q14790	CASP8	S305			R307W-5.52Å	1		0	2	
Q14790	CASP8	S347				0	R307W-8.65Å	1		40
Q14790	CASP8	K351				0	R307W-8.61Å	1		44
Q14790	CASP8	Y448			P453L-9.12Å	1		0	5	
Q14790	CASP8	K461				0	P453L-6.72Å	1		8
Q14832	GRM3	Y754			T758M-6.17Å	1		0	4	
Q14832	GRM3	T758	0	1	T758M-0.00Å	1	E767K-9.93Å	1	0	9
Q14839	CHD4	K832				0	R813C-7.81Å	1		19
Q14839	CHD4	K959	?	?	R957W-6.97Å	1	R1162Q-9.36Å, R1162W-9.36Å	2	2	203
Q14839	CHD4	K987			R992Q-8.37Å	1		0	5	
Q14839	CHD4	S1007				0	R992Q-9.57Å	1		15
Q14839	CHD4	K1051				0	R975H-9.31Å	1		76
Q14839	CHD4	S1073	?	?		0	R1127Q-8.75Å	1		54
Q14839	CHD4	K1092			E1094K-7.30Å	1		0	2	
Q14839	CHD4	K1335			R1338I-8.81Å	1		0	3	
Q14980	NUMA1	T1964			R1966H-5.66Å	1		0	2	
Q14980	NUMA1	S1969			R1966H-7.67Å	1		0	3	
Q14980	NUMA1	T2080				0	R1674H-8.94Å	1		406
Q15047	SETDB1	K809	0	1		0	E696Q-6.81Å	1		113
Q15059	BRD3	K362				0	D316N-8.13Å	1		46
Q15233	NONO	K99	0	70	E102K-9.95Å	1		0	3	
Q15233	NONO	K107	0	30	H106Y-3.85Å, G110E-5.13Å	2		0	1,3	
Q15233	NONO	K109			H106Y-5.70Å, G110E-3.85Å	2		0	1,3	
Q15233	NONO	R115	0	1		0	E102K-5.34Å	1		13
Q15233	NONO	S147				0	F195L-8.55Å	1		48
Q15233	NONO	S149				0	F195L-6.32Å	1		46
Q15262	PTPRK	T357			E358K-3.80Å	1		0	1	
Q15262	PTPRK	S856				0	D950N-8.32Å	1		94
Q15262	PTPRK	Y916				0	R942Q-9.74Å	1		26
Q15262	PTPRK	T1184				0	R1415Q-9.20Å	1		231
Q15303	ERBB4	Y157				0	R196C-7.87Å	1		39
Q15303	ERBB4	K714			R711C-9.98Å	1		0	3	
Q15303	ERBB4	Y733				0	L798P-9.49Å	1		65
Q15303	ERBB4	K852				0	L798P-8.22Å	1		54
Q15303	ERBB4	K873			E872K-3.87Å	1		0	1	
Q15303	ERBB4	Y875	0	7	E872K-7.00Å	1		0	3	
Q15303	ERBB4	K881				0	Y1242F-9.86Å	1		361
Q15303	ERBB4	Y1188			E1187K-3.37Å	1		0	1	
Q15303	ERBB4	Y1242			Y1242F-0.00Å	1		0	0	
Q15306	IRF4	K103			D106Y-8.95Å	1		0	3	
Q15306	IRF4	Y181			V182I-3.79Å	1		0	1	
Q15306	IRF4	Y325			G323R-6.51Å	1		0	2	
Q15365	PCBP1	S202			D203N-3.83Å	1		0	1	
Q15375	EPHA7	K601			P603S-6.12Å	1		0	2	
Q15375	EPHA7	K606			P603S-8.83Å	1		0	3	
Q15375	EPHA7	K653	0	1	G656E-8.60Å	1		0	3	
Q15375	EPHA7	K892			R895Q-5.04Å	1		0	3	
Q15468	STIL	K60	0	2	R63Q-5.08Å	1	R99C-8.19Å	1	3	39
Q15468	STIL	K127				0	S76L-5.96Å	1		51
Q15596	NCOA2	R489			R491H-7.45Å	1		0	2	
Q15596	NCOA2	S493			R491H-7.07Å	1		0	2	
Q15596	NCOA2	R1261			R1261Q-0.00Å	1		0	0	
Q15596	NCOA2	R1266			R1261Q-8.47Å	1		0	5	
Q15643	TRIP11	Y1479			A1481V-5.48Å	1		0	2	
Q15796	SMAD2	S118			R120Q-5.77Å	1		0	2	
Q15796	SMAD2	K121			R120Q-3.85Å	1		0	1	
Q15796	SMAD2	S317			R321Q-8.37Å	1		0	4	
Q15831	STK11	K178	2	0		0	S216F-7.98Å, G242V-9.56Å	2		38,64
Q15831	STK11	S240	0	1	W239C-3.84Å, G242V-5.39Å	2	S216F-9.11Å	1	1,2	24
Q15831	STK11	S307			R304W-8.39Å	1		0	3	
Q15831	STK11	S428				0	S216F-9.29Å	1		212
Q15910	EZH2	K629				0	R613Q-5.61Å	1		16
Q15910	EZH2	Y641	1	0		0	R684H-5.98Å	1		43
Q15910	EZH2	S690	0	1	R690H-0.00Å	1		0	0	
Q16236	NFE2L2	K508				0	L30F-9.30Å	1		478
Q16720	ATP2B3	T543				0	R482H-8.83Å	1		61
Q16832	DDR2	Y521				0	R714Q-8.34Å	1		193
Q16832	DDR2	Y736				0	R714Q-7.63Å	1		22
Q5HY64	FAM47C	T433			R434H-3.85Å	1	R410H-5.63Å	1	1	23
Q5HY64	FAM47C	T819			G820V-3.44Å	1		0	1	
Q5HY64	FAM47C	S822			G820V-7.01Å	1		0	2	
Q5M775	SPECC1	S189			R188Q-3.86Å	1		0	1	
Q5M775	SPECC1	K964			R965H-3.88Å	1		0	1	
Q5M775	SPECC1	K970			R965H-8.73Å	1		0	5	
Q6N021	TET2	R369			A368V-3.80Å	1		0	1	
Q6P1J9	CDC73	K150			R147C-5.25Å	1		0	3	
Q6P1J9	CDC73	K198			R194I-8.45Å	1		0	4	
Q6Q0C0	TRAF7	K160			V163M-8.75Å	1		0	3	
Q6UXM1	LRIG3	S984			E982K-7.10Å	1		0	2	
Q6W2J9	BCOR	K434			V436I-4.87Å	1		0	2	
Q6W2J9	BCOR	S1269			S1271L-6.94Å	1		0	2	
Q6W2J9	BCOR	S1271			S1271L-0.00Å	1		0	0	
Q6W2J9	BCOR	K1460			N1459S-3.85Å	1		0	1	
Q70Z35	PREX2	K679			P681S-6.47Å	1		0	2	
Q76L83	ASXL2	K370			F373L-5.12Å	1		0	3	
Q7Z407	CSMD3	S1314			R1316C-5.59Å	1		0	2	
Q86UU0	BCL9L	S25			R27H-6.93Å	1		0	2	
Q86UU0	BCL9L	K401				0	R407W-9.52Å	1		6
Q86UU0	BCL9L	S410			R407W-5.04Å	1		0	3	
Q86VZ1	P2RY8	K132			R135C-5.15Å	1		0	3	
Q86VZ1	P2RY8	Y139			R135C-7.11Å	1		0	4	
Q8IYB1	MB21D2	S305				0	Q311E-9.99Å	1		6
Q99062	CSF3R	N610				0	A530V-5.54Å	1		80
Q9NRM7	LATS2	T168			T168M-0.00Å	1		0	0	
Q9NRM7	LATS2	Y531			S528L-9.73Å	1		0	3	
Q9NRM7	LATS2	S598			A601T-5.35Å	1		0	3	
Q9NYV4	CDK12	T770			R773C-5.03Å	1		0	3	
Q9NYV4	CDK12	S886	0	2	R890H-9.22Å	1		0	4	
Q9NYV4	CDK12	S889			R890H-3.85Å	1		0	1	
Q9NYV4	CDK12	Y892			R890H-6.49Å	1		0	2	
Q9NYV4	CDK12	K973			P974L-3.88Å	1		0	1	
Q9Y618	NCOR2	K335			R330H-8.51Å	1		0	5	
Q9Y618	NCOR2	S493			R488Q-9.13Å	1		0	5	
