UniProt	ptm_pos	mutations_within_5_positions	mutations_more_than_5_positions
A0MZ66	485	482-4.90, 484-3.85, 490-8.38	
E9PAV3	2054	2053-3.84, 2054-0.00	2045-9.58, 2060-9.92
O00291	516	516-0.00	
O00291	1009	1005-6.19, 1008-3.86, 1009-0.00, 1013-6.01	
O00512	362	359-4.94, 361-3.86	
O00512	1244	1242-5.70	
O00512	1254	1254-0.00	
O14522	412	411-3.86	
O14522	415	411-6.15	
O14522	767	769-5.52	
O14522	1208	1210-5.39	
O14647	472	471-3.86	
O14647	828	833-7.49	
O14647	1213	1211-6.44	
O14647	1441	1440-3.81	
O14647	1590	1590-0.00	
O14647	1637	1637-0.00	
O14647	1785	1788-9.77	
O14647	1789	1788-3.89	
O14647	1828	1826-6.96	
O14654	64	62-6.28	
O14654	202	204-5.63	
O14654	208	204-6.54	
O14654	728	731-9.53	
O14654	757	756-3.82	
O14654	835	834-3.35	
O14654	872	873-3.21	
O14654	874	873-3.91	
O14654	976	978-6.05	
O14654	1061	1059-7.19	
O14746	692	696-6.36	
O14920	169	171-6.79	
O14920	171	171-0.00	
O14920	199	203-7.05	
O14920	239	236-8.51	
O14920	246	248-6.54	
O14920	467	471-6.40	
O14920	474	471-5.10	
O14920	476	471-8.56	633-8.58
O14920	587	592-8.60	
O14920	679	680-3.85	
O14920	682	680-6.61	
O14920	703	703-0.00, 704-3.85	
O14920	705	703-5.28, 704-3.83	
O14980	568	571-4.92	
O15119	301	304-5.58	
O15119	719	719-0.00, 720-3.84, 722-5.16, 723-6.15	
O15151	20	18-5.27	
O15151	365	367-7.04	
O15151	367	367-0.00, 369-6.68	
O15164	336	339-5.05	
O15164	341	339-5.53	
O15164	458	460-6.72	
O15164	723	721-6.25	
O15164	1042	1038-6.10, 1039-5.02, 1041-3.85, 1043-3.87, 1046-6.02, 1047-8.67	1036-9.75
O15169	148	146-5.98	113-7.33
O15534	830	832-7.04	
O15534	980	981-3.90	
O15534	1100	1102-5.87	
O15534	1103	1102-3.87	
O15534	1104	1102-6.42	
O43295	214	211-5.24	
O43295	497	496-3.85	
O43295	554	556-5.42	
O43295	759	758-3.80, 761-4.78	
O43295	837	837-0.00	
O43295	919	920-3.82	
O43295	922	920-5.95	
O43524	253	250-9.13	
O43524	307	305-6.26, 310-9.58	
O43524	311	310-3.78	
O43711	162	161-3.82, 162-0.00, 164-6.27	
O43791	119	117-6.99, 121-5.47	102-5.56, 131-8.77, 133-8.74
O43815	456	456-0.00	778-5.65
O43815	458	456-7.11	746-9.97, 778-6.48
O60216	55	54-3.86	
O60216	56	54-5.54	
O60216	67	65-5.43	
O60216	371	374-5.10	
O60216	374	374-0.00	
O60674	212	215-5.04	
O60674	570	569-3.88	
O60674	613		564-9.06
O60674	882	884-7.17	
O60674	883	884-3.83	
O60716	38	34-6.18	
O60716	517	519-6.22	
O60716	542	545-5.05	
O60716	587	584-4.97	545-8.68
O60716	670	675-8.08	
O60716	675	675-0.00	
O60716	676	675-3.85	
O60716	744	742-5.39	
O60716	920	921-3.88	
O60716	943	944-3.77	
O60885	469	470-3.82	
O60885	470	470-0.00	
O60885	498	499-3.16	414-9.63
O60885	499	499-0.00	
O60885	619	616-5.16	
O60885	629	633-6.85	
O60885	1045	1047-6.60	
O60934	73	72-3.84	
O60934	195	198-8.97	
O60934	197	198-3.88	
O60934	447	447-0.00	
O60934	665	667-5.99	
O60934	673	675-6.62	
O60934	683	685-6.22	
O60934	690	688-6.09	
O60934	715	712-8.34, 714-3.79	
O75030	485	483-5.79, 488-9.40	
O75175	82	81-3.86	
O75175	635	633-6.35, 640-8.08	679-7.85, 680-8.91
O75376	88	86-7.48	
O75376	161	161-0.00	
O75376	1484	1482-7.30	
O75376	1518	1519-3.85	
O75376	1561	1561-0.00	
O75376	1756	1755-3.38	
O75417	1866	1868-5.97	
O75444	70	73-9.07	
O75475	347	351-6.22	
O75626	371	373-7.37	
O75626	518	516-6.73	
O75874	34	33-3.86	355-8.32
O75874	106		297-6.57
O94761	1048	1046-5.32, 1048-0.00, 1049-3.85	
O95251	100	98-6.70	
O95251	277	281-6.26	
O95251	506	505-3.81, 507-3.84, 509-9.02	549-8.64
O95251	512	509-8.53, 512-0.00, 513-3.87	
O95251	524	520-6.12, 528-6.17, 529-8.66	561-8.93
O95251	537	536-3.86, 538-3.85	
O95573	642	637-7.20	
O95573	679	681-7.21	624-8.89, 658-9.94
O95573	683	681-6.40	624-6.98, 646-8.56, 649-6.21, 709-9.36
O95835	84	82-5.58	
O95835	462	464-6.48	
O95835	464	464-0.00	
O95835	662	660-5.55	
O95835	751	748-5.22, 753-5.46	1078-7.12
O95999	77	72-7.78, 74-8.92, 79-5.67, 80-5.41	
O95999	138	139-3.76	
O95999	141	139-6.78, 143-7.33	
O95999	144	143-3.88	
O95999	231	228-9.48	
O96017	224	223-3.85	
O96017	225	223-6.78	
O96017	435	439-6.31	
O96017	437	439-5.52	
O96017	444	439-5.51, 447-8.68	
O96028	1332	1332-0.00	
P00519	79	75-6.19	
P00519	224	225-3.84	
P00519	226	225-3.82	
P00519	229	225-9.17	75-7.75
P00519	989	990-3.19	
P00533	112	108-9.89, 114-6.26, 116-5.48	
P00533	113	114-3.88, 116-6.12	
P00533	222	222-0.00	
P00533	224	222-7.33, 229-8.79	
P00533	229	229-0.00	
P00533	253	252-3.83, 256-9.83	108-9.38, 263-7.01, 289-6.02
P00533	290	289-3.92, 292-6.50	256-6.06, 263-9.48
P00533	293	292-3.87	
P00533	316	312-7.57, 314-7.26	
P00533	361	363-6.37	
P00533	444	441-9.52	
P00533	623	628-9.84	636-8.76
P00533	648	645-9.72	
P00533	714		743-8.94, 744-7.61
P00533	716	719-9.30	743-9.96
P00533	720	719-3.84	
P00533	745	743-6.47, 744-3.87	719-9.24, 790-8.13
P00533	764	768-6.31	
P00533	768	768-0.00	
P00533	790	790-0.00	743-5.20, 744-6.59
P00533	860	858-6.59, 861-3.80	
P00533	978	977-3.85	
P00533	1096	1096-0.00, 1097-3.78	
P00533	1099	1097-7.35	
P00533	1179	1178-3.29	
P01106	58	59-3.81	
P01106	73	73-0.00, 74-3.85	
P01106	77	74-8.64	
P01106	79	82-8.40	
P01106	163	161-5.55, 164-3.86	
P01111	64	59-6.27, 60-7.54, 61-5.96, 64-0.00	
P01111	88	86-5.51, 87-3.86, 92-6.18	
P01111	89	86-5.51, 87-5.50, 92-5.07	60-9.91
P01111	128	132-6.05	
P01111	147	146-3.87	22-7.89
P01112	64	59-6.31, 60-7.54, 61-5.96, 68-6.56	
P01112	117	117-0.00, 118-3.84, 120-5.73	123-8.88, 143-7.93, 144-6.16, 147-7.51
P01112	118	117-3.84, 118-0.00, 120-5.39, 123-7.86	127-9.55, 143-6.25, 144-5.76, 147-9.19
P01116	64	59-6.49, 60-7.79, 61-5.97, 62-5.35, 63-3.86, 64-0.00, 68-7.20	58-8.95
P01116	117	117-0.00, 119-5.26	14-7.89, 19-9.87, 146-6.74
P01116	118	117-3.84, 119-3.87	146-8.85
P01116	144	146-6.40	117-6.21
P01116	147	146-3.88	117-7.41
P01116	148	146-5.77	117-9.00
P01127	190	187-8.72, 191-3.83	
P02545	64	69-8.53	
P02545	66	69-5.05	
P02545	71	69-5.45	
P02545	143	146-5.19	
P02545	144	146-5.46	
P02545	149	146-5.09	
P02545	150	146-6.23	
P02545	189	190-3.85	
P02545	295	296-3.87	
P02545	301	296-8.61	
P02545	450	446-5.76, 448-5.76	496-9.99, 500-8.35
P02545	457		440-5.87, 441-6.83
P02545	458		440-7.45, 441-9.72
P02545	583	580-9.28, 583-0.00, 584-3.83	
P02545	585	583-6.13, 584-3.82	
P02786	123	121-6.53	
P02786	177	174-5.13	
P02786	499		611-9.98
P02786	503	504-3.84	611-9.85
P02786	508	504-6.11	
P02786	691	690-3.81, 695-5.92	
P02786	717	719-5.44, 722-8.56	631-9.89, 711-9.70
P02786	720	719-3.86, 722-6.06	631-8.48
P02786	722	719-5.91, 722-0.00	
P03372	244	243-3.85, 247-4.89	
P03372	277	278-3.87	
P03372	299	300-3.83	
P03372	302	300-6.20	
P03372	303	300-8.08	
P03372	537	536-3.82, 537-0.00, 538-3.85	
P03372	554	551-8.70, 555-3.82	
P04049	257	257-0.00	
P04049	258	257-3.83	
P04049	259	257-6.37	
P04049	260	257-9.91	
P04049	491	494-5.66, 496-8.91	466-9.90, 467-8.55
P04049	493	494-3.84, 496-5.32, 498-9.64	
P04049	494	494-0.00, 496-5.70, 498-7.66	
P04049	497	494-5.68, 496-3.88, 498-3.87	
P04049	499	494-8.34, 496-8.23, 498-3.85	
P04198	58	58-0.00	
P04439	123		150-9.44
P04439	135	135-0.00	
P04439	137	135-6.87	150-6.52
P04439	145		120-9.14
P04439	147		120-9.43
P04439	155	150-7.30	
P04439	200	201-3.85, 205-7.39	
P04439	210		229-5.56, 232-7.23
P04626	728	733-4.21	
P04626	733	733-0.00	
P04626	735	733-6.53	
P04626	753	755-6.11	
P04626	772	767-8.74, 769-5.21, 776-6.57, 777-9.06	
P04626	860	862-6.52	
P04626	974	974-0.00	
P04626	977	974-5.14	
P04629	95	94-3.83	
P04629	121	122-3.84	
P04629	123	122-3.86	
P04629	701	702-3.88	
P04629	729		692-9.33
P04637	24	27-8.01	
P04637	106	105-3.82, 106-0.00, 107-3.86, 108-5.81, 109-7.85	151-8.93, 266-7.69
P04637	110	105-9.32, 107-9.10, 108-6.34, 109-3.84, 110-0.00, 111-3.82	266-8.12, 267-7.65
P04637	115	113-6.37	125-7.57, 126-6.99, 127-8.72
P04637	120	120-0.00	277-6.43, 278-7.52, 279-5.66, 281-9.84
P04637	126	125-3.83, 126-0.00, 127-3.84, 130-8.59, 131-7.51	132-5.87, 135-8.52, 141-9.51, 271-9.65, 272-9.20, 278-8.99
P04637	132	127-5.24, 130-4.99, 131-3.84, 132-0.00, 133-3.80, 134-6.57, 135-9.90	271-4.38, 272-5.64, 285-9.81, 286-9.98
P04637	139	135-6.78, 136-5.50, 138-3.88, 139-0.00, 141-6.43	234-8.13, 236-7.13, 237-8.57
P04637	149	151-6.40, 152-9.51	106-8.34
P04637	150	151-3.87, 152-6.66, 155-9.64	
P04637	155	151-6.38, 152-5.99, 154-3.86, 155-0.00, 156-3.85, 157-7.11	220-5.46
P04637	164	161-9.30, 162-6.35, 163-3.86, 164-0.00, 168-7.37, 169-6.26	249-7.63, 250-5.61, 272-9.84
P04637	183	179-8.33, 180-8.04, 181-6.42, 187-9.19	
P04637	185	180-9.35, 181-9.76, 187-5.10, 190-7.28	
P04637	209	208-3.86, 211-5.97, 213-8.10, 214-9.80	
P04637	211	208-5.55, 211-0.00, 213-5.26, 214-8.77	
P04637	213	208-5.42, 211-5.26, 213-0.00, 214-3.77, 215-6.45	161-8.30, 173-7.40, 193-9.36
P04637	215	213-6.45, 214-3.82, 215-0.00, 216-3.80	158-6.67, 159-5.69, 161-7.52, 193-7.52, 194-8.78, 195-7.51, 205-6.02
P04637	220	218-6.34, 220-0.00	151-8.31, 152-9.49, 154-7.44, 156-4.83, 157-5.79, 158-9.46, 259-9.53
P04637	234	232-6.36, 234-0.00, 236-6.83, 237-9.78	141-4.94, 159-9.05, 195-6.66, 199-9.36, 216-9.77
P04637	249	245-9.06, 246-5.48, 248-3.86, 249-0.00, 250-3.86, 251-6.56	163-6.70, 164-7.63, 168-8.14, 173-9.86, 241-7.75, 242-9.66, 273-9.43
P04637	269	267-7.05, 270-3.82, 271-7.07, 272-9.70	110-9.10, 132-9.42, 159-9.25, 161-9.54
P04637	284	279-8.68, 280-6.21, 281-5.09, 282-5.48, 283-3.82, 285-3.83, 286-5.57	278-9.94
P04637	290	285-8.61, 286-6.18	
P04637	291	286-8.72	285-9.85
P04637	333	331-6.75, 334-3.85, 337-7.01	
P04637	335	334-3.86, 337-5.44	
P04637	337	334-5.46, 337-0.00, 342-8.55	
P04843	488	489-3.88, 492-6.35	
P05091	497	498-3.85, 501-7.98	
P05091	502	498-7.60, 501-3.86	
P05091	503	498-9.65, 501-5.61	
P05412	268	263-8.66, 264-6.13, 265-5.02	
P05771	23	21-5.75	
P05771	40	41-3.81, 42-6.26	
P05771	195	196-3.84	243-8.42
P05771	197	196-3.83	243-5.10
P05771	199	203-7.02	239-8.17, 243-8.66
P05771	206	203-5.12	
P05771	241	239-5.95, 243-6.39	203-9.83
P05771	362	361-3.83	
P05771	391	392-3.85	660-7.14
P05771	481	484-9.97	427-8.89, 453-8.63
P05771	497	494-8.26	
P05771	595	591-6.21, 592-4.92	
P05771	642	644-6.71	
P05771	644	644-0.00	
P05771	661	657-8.68, 660-3.85	336-8.75
P06239	42	39-9.59	
P06239	182	184-6.11	
P06239	192	196-8.35	184-5.42
P06239	194	196-5.34	184-8.83
P06239	198	196-6.77	184-9.68
P06239	293	292-3.88	
P06400	249	251-5.33	
P06400	252	251-3.84	
P06400	289	287-5.52	
P06400	319	322-4.89	
P06400	321	322-3.85	334-8.43
P06400	325	322-4.95	334-9.77
P06400	327	322-8.44	
P06400	347	350-5.76	
P06400	350	350-0.00	
P06400	353	350-6.31	
P06400	446	451-8.80	
P06400	454	451-5.59	
P06400	601	604-5.24	
P06400	606	604-6.03	
P06400	608	604-6.15	
P06400	652	654-5.67	
P06400	873	875-6.29, 876-8.86	
P06400	874	875-3.82, 876-6.12, 877-9.32	
P06753	8	6-5.55	
P06753	234	229-8.64, 232-5.43, 239-8.50	
P06753	238	239-3.86, 243-8.60	232-9.86
P06753	283	278-8.83	
P06756	591	592-3.84	
P06756	704	707-8.30	
P07949	350	349-3.87	337-4.55
P07949	696	693-8.66	
P07949	826	823-6.81	
P07949	891	891-0.00	
P07949	909	912-9.04	
P07949	981	982-3.85	
P07949	1015		595-9.06
P07954	46	49-6.30	
P07954	75	76-3.88	
P07954	80	76-6.43	
P07954	85	87-5.55	
P07954	90	87-8.42	
P07954	100	104-5.99	
P07954	343	343-0.00	
P07954	366	369-6.12	
P07954	491	488-7.95	497-9.76
P08151	116	113-8.38	
P08151	319	314-8.95	
P08151	374	372-7.18	
P08575	860	865-8.47	897-9.44
P08575	862	865-4.91	897-8.42
P08575	863	865-5.39	
P08581	376	378-5.79	
P08581	468	469-3.87	
P08581	985	982-9.84	
P08581	1093		1110-6.53
P08581	1110	1110-0.00, 1112-7.12	
P08581	1215	1218-8.88	
P08581	1219	1218-3.84	
P08922	866	863-6.48	
P08922	2274		2264-8.59, 2265-6.05
P09619	645	650-8.75	
P09619	686	687-3.86	
P09619	692	687-7.02	
P09619	707	711-9.30	
P09619	712	711-3.89	
P09619	775	776-3.77, 778-8.01	
P09619	778	776-6.45, 778-0.00	
P09619	1009	1007-6.01, 1010-3.81, 1012-8.55	
P0C1Z6	249	252-9.20	
P0C1Z6	252	252-0.00, 253-3.81	
P10242	11	14-9.85	
P10242	12	14-6.30	
P10242	192	194-5.58	
P10275	298	299-3.86	
P10275	606	605-3.90, 608-6.21	
P10275	610	605-9.05, 608-5.38	616-8.41
P10275	619	616-5.09, 618-3.86	
P10275	630	630-0.00	
P10275	631	630-3.88	
P10275	633	630-8.59	
P10275	792	787-8.61	
P10275	815	814-3.88	
P10275	826	821-9.87	
P10275	837	833-6.29	
P10275	858	857-3.86	
P10398	15	13-6.34	
P10398	42	43-3.87	
P10398	212	214-6.46	
P10398	213	214-3.83	
P10398	214	214-0.00, 217-9.75	
P10398	215	214-3.85, 217-6.90	
P10398	222	219-9.36, 221-3.82	
P10398	223	221-6.12	
P10398	224	221-8.64	
P10721	283	284-3.87	
P10721	578	576-6.59	642-5.69
P10721	642	642-0.00	576-6.09
P10721	735	737-7.02	
P10721	738	737-3.49	
P10721	821	818-8.48, 822-3.86	
P10721	823	818-9.80, 822-3.86	829-9.44
P10721	891	888-9.58	
P10721	943	946-7.16	
P10721	959	956-9.48, 957-7.04	
P10747	209	210-3.85, 211-6.43, 212-9.42	
P11274	644	648-6.23	
P11274	645	648-4.82	
P11309	23	24-3.82	
P11309	24	24-0.00	
P11309	94	96-5.65	161-9.69
P11309	98	96-5.74	161-9.33
P11362	766	765-3.88, 766-0.00	
P11387	111	110-3.83	
P11387	112	110-6.37	
P11387	280	278-5.58	
P11387	374	376-6.84	
P11387	506	508-6.36	
P11802	22	22-0.00, 24-7.12	94-9.73
P11940	279	278-3.87	
P11940	309	309-0.00	
P11940	312	309-4.86	
P11940	518	518-0.00, 519-3.88	
P12270	371	371-0.00	
P12270	723	724-3.85	
P12270	725	724-3.86	
P12270	748	743-8.38	
P12270	1603	1598-8.26	
P12270	2146	2145-3.93	
P12270	2155	2155-0.00	
P12524	338	333-8.63	
P12830	217	220-9.17	
P12830	622	619-5.69	
P12830	738	740-6.72	
P12830	753	753-0.00	
P12830	754	753-3.83	
P12830	755	753-6.95	
P12830	797	797-0.00	
P12931	17	16-3.87	
P12931	35	35-0.00	
P12931	37	35-7.25	
P13796	2	2-0.00	
P13796	5	2-8.60	
P13796	117	120-9.75	
P13796	118	120-6.63	
P13796	123	120-5.01	
P13796	124	120-6.12	
P14373	194	199-8.64	
P15056	147	146-3.82	
P15056	319	320-3.32	
P15056	614	615-3.82	
P15056	750	748-7.49, 752-7.13	
P15056	753	752-3.24	
P15498	174	172-5.50	
P15498	345	347-5.69	
P15498	374	372-5.38, 378-6.50	
P15498	404	406-7.15	
P15498	683	678-8.79	
P15498	745	747-5.22	
P15498	802	798-9.85	828-9.35
P15498	815	816-3.85	
P15923	134	136-6.80	
P15923	614	610-9.46, 611-8.90, 612-5.32, 616-5.44	
P15976	116	114-6.87, 116-0.00	
P15976	231	227-6.14	
P15976	304	305-3.85, 307-9.38	
P15976	308	305-8.96, 307-3.81	
P15976	310	307-8.11, 313-8.00	
P15976	312	313-3.83	
P16157	429	426-9.37	
P16157	781	781-0.00	
P16157	834	836-6.96	
P16157	961	963-6.61	
P16157	1396	1397-3.84	
P16157	1696	1694-6.40	
P16220	285	289-6.11	
P16234	613	612-3.84	
P16234	767	770-9.79	
P16234	768	770-6.98	
P16234	1018	1017-3.82	
P16455	156	158-6.94	113-9.63, 114-9.50, 148-7.86, 162-7.92, 166-9.70
P17612	84	83-3.88	
P17612	89	94-8.57	
P17612	93	94-3.85	
P17844	451	453-5.85	
P17844	454	453-3.86	
P17844	458	453-8.69	
P17844	498	496-6.58, 497-3.27, 499-3.86	
P18074	69	72-9.66	
P18074	181	185-6.14	
P18074	507	511-6.04	683-9.14
P18074	603	606-5.31	
P18074	671	672-3.86	44-9.82, 484-9.29, 737-7.70
P19174	977	978-3.87	
P19174	1263	1259-8.63, 1262-3.90, 1266-6.43	
P19447	44	40-7.21	
P19447	319	320-3.86	325-9.71
P19447	323	320-5.07, 325-5.54	
P19484	91	91-0.00	
P19484	183	183-0.00	
P19532	188	188-0.00	
P21333	186	190-8.97	
P21333	189	190-3.85	
P21333	220	222-5.82	
P21333	468	467-3.85	
P21333	470	467-6.38	
P21333	471	467-9.79	
P21333	775	776-3.87	
P21333	876	878-7.07	
P21333	883	878-9.00, 881-5.56	
P21333	1161	1160-3.88	1240-6.22
P21333	1162	1160-5.51	1240-8.55
P21333	1164	1160-8.91	1240-8.65
P21333	1639	1637-6.14	
P21333	1961	1958-5.57, 1959-5.81	
P21333	2000	2003-9.72	2007-5.89
P21333	2062		2139-9.59
P21333	2128	2127-3.86	
P21333	2131	2127-9.51	2059-8.81
P21333	2141	2139-6.16	
P21333	2143		2282-9.10
P21333	2260	2258-7.22	
P21333	2284	2282-6.84	2258-9.22
P21333	2631	2635-5.33	
P21333	2640	2635-9.46	
P21359	155	156-3.85	
P21359	158	156-5.56	
P21359	159	156-5.25	
P21359	491	489-5.47	
P21580	139	136-5.12	
P21580	778	776-5.72, 778-0.00, 781-7.94	764-6.46, 771-4.33
P21802	448	451-9.27	
P21802	449	451-6.27	
P21802	452	451-3.84, 455-9.87	
P21802	453	451-6.28, 455-6.87	
P21802	454	451-9.65, 455-3.83	
P21802	457	455-6.49	
P21802	657	660-9.68	
P21802	780	778-5.99	
P21860	250	245-7.92	258-8.94, 284-6.13
P21860	353	355-6.22	329-6.85
P21860	414		355-9.14
P21912	233	230-5.45	
P22455	754	749-9.95, 750-8.23, 752-6.62, 756-6.76	
P22607	444	443-3.83	
P22607	445	443-6.78	
P22607	647	642-6.67	
P22607	648		642-6.88
P22607	724	724-0.00, 727-4.91	
P22681	141	139-5.28, 143-5.93	
P22681	203	206-5.25	
P22681	364	366-5.42	
P22681	368	366-5.56	
P22681	371	366-8.63	
P23193	57	54-5.64	
P23193	114	113-3.27	
P23193	126	123-8.32	
P23246	236	236-0.00	
P23246	571	571-0.00	
P23458	220	219-3.87	193-4.88
P23458	267	270-5.09	
P23458	269	270-3.83	
P23458	708	703-8.74	
P23458	872	873-3.86	
P23458	908	910-7.14	
P23458	911	910-3.82	
P23467	531	533-6.40	
P23467	534	533-3.85	
P23467	1328	1325-9.39	
P23468	277	275-5.50	
P23468	1386	1387-3.84	
P23468	1670	1674-8.89	
P23468	1788	1786-7.00	
P23468	1815	1812-9.15	1898-9.20
P23769	213	211-6.02	
P23769	376	372-6.12	385-9.44
P23771	162	163-3.86	
P23771	166	163-8.97	
P23771	282	287-9.62	
P23771	290	287-5.13, 294-5.76	299-9.21
P23771	292	287-8.61, 294-6.04	
P23771	304	306-5.81	
P23771	308	306-5.30	
P24385	33	31-5.34	
P24385	167		232-9.80
P24385	175	171-6.43	
P24385	238	237-3.88, 240-7.03	232-9.74
P24385	286	286-0.00, 287-3.87	
P24385	288	286-5.75, 287-3.83, 290-6.65	
P24821	81	76-8.70, 79-5.73	
P24821	1018	1016-6.01	
P24821	1261	1260-3.82	
P24821	1310	1309-3.87	
P24863	30	25-9.11	
P24864	381	376-8.54, 379-5.45, 385-6.35, 386-8.78	
P25106	347	345-5.47, 352-8.81	
P25106	350	345-8.72, 352-5.52	
P25106	352	352-0.00	
P25106	354	352-5.46	
P25106	355	352-5.18	
P25445	246	250-6.01	259-7.35, 273-9.32, 278-8.87
P25445	263	261-5.45	
P25445	287	283-8.09, 285-6.93, 290-5.87	228-6.38
P25445	288	285-8.16, 290-6.11	228-8.48
P25445	291	290-3.86, 294-5.12	228-8.46, 285-9.74
P25445	293	290-5.15, 294-3.85	285-8.74
P25685	16	18-5.32	
P25685	21	18-5.09	
P26038	380	381-3.87	
P26038	384	381-5.14	
P26038	388	393-8.59	435-9.85
P26038	391	393-5.32	
P26038	407	408-3.88	
P26038	412	408-9.69	
P26038	504	503-3.85, 508-7.02	
P26038	558	553-6.01, 557-3.85, 560-5.43, 561-5.04	
P26038	576	573-4.84	
P26196	375	373-5.46, 375-0.00	
P26232	2	3-3.82	
P26232	3	3-0.00	
P26232	6	3-8.76	
P26232	15	14-3.87	136-7.82
P26232	151	147-6.10, 151-0.00	
P26232	321	323-5.54	
P26232	415	420-8.96	
P26232	417	420-4.86, 422-8.40	
P26232	535	532-5.61	
P26232	651	650-3.87	
P26232	653	650-8.86	
P26232	654	650-8.37	
P26232	667	668-3.84, 669-5.30	673-9.87
P26232	796	793-8.54	
P26232	939	939-0.00	
P27540	58	58-0.00	
P27635	57	56-3.83	
P27635	61	66-8.68	97-9.40, 160-9.45
P27635	74	70-5.99	
P27635	75	70-8.71	
P27635	101	98-9.36	
P27635	156	153-5.28, 155-3.88, 157-3.86, 160-8.30	
P27635	158	153-9.69, 155-5.59, 157-3.87, 160-6.93	66-9.12
P27797	231	234-8.94	275-9.36
P27797	238	234-9.48, 239-3.83	
P28340	581	582-3.81	
P28340	648	649-3.83	
P28340	653	649-4.51	
P28340	885	886-3.82	
P28340	897	895-7.29	
P29320	513	512-3.84	
P29320	521	523-6.41	
P29320	601	603-6.55	
P29320	602	603-3.84	
P29320	701	698-8.97	
P29320	742	745-9.40	769-7.99, 802-8.50
P29320	768	769-3.86	745-6.42, 746-8.50
P29350	26		98-4.36, 477-8.00
P29350	97	98-3.82	
P29350	360	362-7.14	
P29350	391	389-7.34	
P29590	560	561-3.21	
P29590	561	561-0.00	
P29590	562	561-3.86	
P29992	183	183-0.00	
P30279	173	175-5.68	214-8.88
P30279	280	278-5.47, 280-0.00, 282-6.09	
P30279	282	278-7.62, 280-6.09, 282-0.00, 285-8.92, 286-8.15	
P30281	263	260-5.29, 261-5.55, 263-0.00, 265-6.32, 266-9.54	
P30281	264	260-7.12, 261-6.13, 263-3.87, 265-3.87, 266-6.56	
P30622	180	178-7.44	
P30622	200	200-0.00	
P30622	596	594-5.51	
P31040	250	248-7.21	
P31040	361	364-8.12	
P31040	365	364-3.83	
P31040	507	509-5.51, 512-8.63	
P31040	509	509-0.00, 512-5.05	564-8.61
P31040	512	509-5.05, 512-0.00	564-9.63, 567-9.60, 572-8.43
P31040	530	531-3.86	522-9.21, 583-8.70
P31040	550	553-9.74	509-9.63
P31040	585	583-5.69, 584-3.87, 585-0.00, 589-9.48	593-9.83
P31040	589	585-9.48, 589-0.00, 591-6.30, 593-6.42	
P31151	100	100-0.00	
P31314	236	231-8.63, 233-5.22, 236-0.00	230-9.89, 242-8.35
P31749	39	40-3.83	52-6.93
P31749	326	322-9.53, 323-8.56	52-9.89
P31751	14	17-9.22	
P31751	20	17-6.31	
P31751	475	474-3.85	
P31751	476	474-7.11	
P31751	478	480-6.09	
P31939	66	61-8.86	
P31939	199	201-5.46	
P31939	264	262-7.07	
P31939	461	462-3.84	467-9.78
P31939	464	462-5.49, 467-4.96, 469-9.05	492-7.74, 495-5.93, 497-9.97
P33076	959	956-9.29	
P33176	2	5-8.42	
P35125	1147	1148-3.49	
P35222	29	32-7.70, 33-9.32	
P35222	30	32-5.39, 33-8.37	
P35222	33	32-3.79, 33-0.00, 34-3.87, 35-5.67, 36-8.08	
P35222	37	34-8.91, 35-5.59, 36-3.85, 37-0.00, 41-9.41	
P35222	41	37-9.41, 41-0.00, 45-9.90	
P35222	45	41-9.90, 45-0.00	
P35222	47	45-5.47	
P35222	158	153-8.59	
P35222	331	336-7.83	337-7.27
P35222	332	336-7.98, 337-7.04	
P35222	333	336-5.53, 337-6.30	
P35222	335	336-3.85, 337-5.55	294-9.53
P35222	384	385-3.85, 389-8.68	
P35222	393	389-6.70	
P35222	394	389-9.81	
P35222	472	471-3.87	517-6.75
P35222	473	471-5.74	517-8.69
P35222	574	577-5.03	537-8.15
P35222	619	621-5.53	655-7.47
P35222	625	621-8.76	
P35222	654	655-3.84	
P35240	415	418-9.80	
P35240	419	418-3.85	
P35268	101	97-6.78, 101-0.00	88-7.97, 111-8.26, 113-5.33
P35268	106	108-5.36, 110-6.93, 111-9.23	
P35453	313	308-8.66, 310-5.47, 313-0.00	283-9.43
P35579	8	9-3.88	
P35579	11	9-6.18	
P35579	90		1436-9.54
P35579	261	263-5.34	
P35579	373	377-6.18	
P35579	375	377-5.59	384-9.67
P35579	383	384-3.83	
P35579	391	393-6.54	384-9.74
P35579	637	639-7.03	
P35579	810	814-6.11	
P35579	819	814-8.57	
P35579	1009	1014-7.26	
P35579	1024	1019-7.58	
P35579	1114	1114-0.00	
P35579	1357	1360-5.17	
P35579	1435	1436-3.87	
P35579	1441	1436-8.59	
P35579	1511	1512-3.87	
P35579	1512	1512-0.00	
P35579	1513	1512-3.86	
P35579	1519	1522-5.09	
P35579	1525	1522-4.66	
P35579	1638	1635-4.97	
P35579	1677	1681-5.37	
P35579	1840	1838-5.70	
P35579	1892	1892-0.00	
P35579	1915	1912-4.99, 1916-3.87	
P35579	1916	1912-6.04, 1916-0.00	
P35579	1918	1916-5.92	1912-9.77
P35579	1920	1916-6.89	
P35637	54	53-3.87	
P35637	277	278-3.66	
P35637	286	287-3.82	
P35637	485	486-3.10	
P35637	487	486-3.87, 489-7.40	
P35637	491	489-6.68	
P35637	518	517-3.88, 519-3.86, 522-6.53	
P35637	521	517-6.51, 519-5.31, 522-3.84	
P35637	522	517-9.19, 519-5.37, 522-0.00	
P35637	524	519-9.73, 522-6.34	
P35658	1021	1020-3.87	
P35659	84	87-9.61	
P35659	251	250-3.85, 252-3.84	
P35659	287	288-3.83, 289-7.00	
P35659	288	288-0.00, 289-3.83	
P35659	289	288-3.83, 289-0.00	
P35659	290	288-6.83, 289-3.35	
P35749	8	10-5.44	
P35749	547	551-6.08	
P35749	548	551-5.00	
P35749	604	601-5.10	
P35749	718	716-6.57	
P35749	826	822-6.07	
P35749	883	884-3.85	
P35749	1009	1008-3.85	
P35749	1088	1083-8.11, 1086-5.38	
P35749	1189	1192-4.95	
P35749	1367	1371-6.59	
P35749	1368	1371-5.42	
P35749	1484	1489-8.50	
P35749	1487	1489-5.47	
P35749	1558	1553-8.37	
P35916	411	410-3.82	
P35916	830	829-3.88	
P35916	1068	1070-5.95	
P35916	1235	1238-9.51	
P35968	975	973-7.26	
P35968	982	979-9.96	
P35968	996	992-9.52	
P35968	1054	1051-9.14	
P35968	1055	1051-8.81	
P35968	1175	1174-3.86	
P35968	1231	1229-6.43, 1234-7.81	
P36888	589	592-9.42	579-6.03
P36888	591	592-3.82, 594-9.27	577-6.40, 579-4.63
P36888	597	592-9.85, 594-5.16	663-6.82
P36888	599	594-9.78	663-6.16
P36888	614	617-9.17	627-7.67
P36888	623	618-4.11	617-5.62, 835-9.86
P36888	630	627-9.69	
P36888	840	839-3.85, 842-5.41, 843-6.99	
P36888	842	839-5.89, 842-0.00, 843-3.82, 845-9.23	835-9.99
P36888	993	991-7.29, 993-0.00	
P37173	264	265-3.82	
P37173	352	348-5.79	
P37173	381	381-0.00	
P37173	470	471-3.81	
P37173	548	543-8.83, 544-6.30, 545-5.10, 549-3.86, 550-5.57, 551-5.28, 553-9.51	
P37173	551	549-5.57, 550-3.85, 551-0.00, 553-5.71, 554-6.50	
P37173	553	549-7.18, 550-5.44, 551-5.71, 553-0.00, 554-3.85, 555-6.28	
P37173	556	553-8.73, 554-6.77, 555-3.81	
P37173	562	562-0.00	
P37173	566	567-3.76	
P37231	78	79-3.82	
P37275	324	326-7.07	
P37275	335	334-3.72	
P37275	955	953-5.72	
P37275	1016	1016-0.00	
P37275	1018	1016-7.28	
P37275	1022	1023-3.77	
P38398	868	866-5.49	
P38398	1202	1203-3.33	
P39748	255	254-3.87, 260-8.79	
P39748	335	333-5.63	
P39748	336	333-8.87, 339-7.55	
P39880	432	432-0.00	
P39880	467	465-7.05	
P39880	611	613-5.50	
P39880	811	812-3.48	
P40238	546	550-7.23	
P40238	553	550-9.95, 551-7.12, 554-3.31	
P40337	68	65-8.70	115-8.26
P40337	72	74-6.17	111-5.14, 115-9.22, 144-9.59
P40337	79	78-3.85, 80-3.84, 82-8.66	130-9.56, 151-5.50
P40337	80	78-5.41, 80-0.00, 82-5.36	121-9.52, 128-8.48, 151-6.45
P40337	111	111-0.00, 115-6.86	74-6.59, 88-9.60
P40337	112	111-3.84, 115-5.65	65-8.97, 74-8.99
P40337	159	158-3.87, 161-5.54, 162-5.23	184-9.77
P40337	168	165-5.14, 169-3.86	162-9.96
P40337	171	169-6.87	
P40337	175	178-5.72	184-9.02, 188-7.08
P40337	183	184-3.85, 188-8.85	
P40337	185	184-3.85, 188-5.06	178-8.24
P40337	202	205-5.16	
P40424	379	375-6.09, 376-4.84, 379-0.00, 382-6.87	
P40692	70	67-9.49	
P40692	386	385-3.83	
P40692	388	385-7.62	
P40692	406	405-3.22	
P40692	477	474-9.80	
P40763	49	53-6.15	
P40763	153	152-3.85	
P40763	283	278-8.56	
P40763	409	410-3.84	
P40763	539	538-3.84	
P40763	601	598-5.23	672-9.64
P40763	674	672-6.30	598-8.54
P40763	691	693-6.36	
P40818	400	402-7.46	
P40818	641	640-3.85	
P40818	717	720-8.74	
P40818	718	720-6.92	
P40818	719	720-3.88	
P40818	723	720-8.90	
P41161	89	90-3.83	
P41161	468	465-8.66, 470-5.35	
P41182	157	158-3.91	
P41182	379	382-4.95	
P41182	385	382-5.24	
P41182	597	594-4.95	
P41212	11	14-9.73	
P41212	16	14-6.38	
P41212	17	14-9.89	
P41212	213	214-3.92	
P41212	284	284-0.00	
P41212	384	380-6.22	378-9.82
P41212	393	392-3.86, 396-5.84, 397-8.24, 398-9.81	
P41212	401	396-8.84, 397-6.25, 398-4.98, 399-5.38, 400-3.86, 401-0.00, 404-5.07	407-5.41, 420-9.67
P41212	402	397-8.91, 398-6.65, 399-5.24, 400-5.35, 401-3.88, 404-5.47, 407-5.50	420-9.11
P41212	403	398-9.34, 399-7.15, 400-5.44, 401-5.53, 404-3.85, 407-8.74	
P42345	384	384-0.00	
P42345	567	571-9.27	
P42345	880	881-3.87	
P42345	1465	1460-8.62	
P42345	1635	1630-8.80	
P42345	1804	1799-8.63	
P42345	1847	1845-7.06	
P42345	1893	1888-8.57, 1890-5.14	
P42345	2218	2215-5.10	
P42345	2442	2441-3.56	
P42345	2444	2441-9.85	
P42345	2471	2471-0.00	
P42345	2473	2471-6.91	
P42345	2496	2500-6.44, 2501-8.75	
P42566	234	237-7.05	
P42566	304	301-9.45	
P42568	321	320-3.84, 321-0.00	
P42574	105	101-6.50, 108-8.60	143-9.00, 147-8.49
P42574	150	147-9.11, 153-8.68	108-4.94, 111-8.42, 112-9.80, 143-9.48
P42574	152	147-8.89, 153-3.86	108-9.63, 143-8.58, 192-7.91
P42680	233	234-3.83	
P42684	96	94-6.13	
P42684	231	235-8.17	
P42684	683	684-3.89	
P42684	959	958-3.80	
P42684	968	968-0.00	
P42684	969	968-3.84	
P42702	303	302-3.82	
P42702	866	862-6.27	
P42768	291	292-3.86	
P42768	321	321-0.00	
P42768	338	338-0.00	
P42768	483	478-8.22, 480-5.74, 486-8.08	
P42768	484	480-8.42, 486-6.98	
P43146	115	113-6.47	
P43146	1073	1071-6.47	
P43146	1074	1071-9.39	
P43146	1267	1266-3.82, 1270-9.26	
P43246	871	871-0.00	856-8.07
P43246	872	871-3.83	
P43268	73	72-3.84	
P43405	44	42-6.59	
P43405	334	338-6.28	
P43405	364	362-5.48	422-9.34
P43405	579	578-3.86, 580-3.85	
P43405	582	578-6.32, 580-5.50, 586-6.26	
P43405	587	586-3.87, 590-8.96	
P43405	629	625-6.37, 627-5.43, 633-6.25	
P43405	630	625-8.62, 627-4.91, 633-5.46	
P43405	631	627-6.04, 633-5.66	
P46100	74	76-6.95	
P46100	385	390-8.38	
P46100	388	390-5.58	
P46100	601	602-3.18	
P46100	656	654-7.23	
P46100	783	781-7.11	
P46100	805	806-3.26	
P46100	806	806-0.00	
P46100	897	898-3.67, 899-6.15	
P46100	1009	1007-6.30	
P46100	1063	1065-6.51	
P46100	1066	1065-3.23	
P46100	1488	1484-5.60	
P46100	1584	1585-3.85	
P46100	1825	1826-3.88	
P46100	1924	1924-0.00	
P46100	1928	1930-7.15	
P46100	2076	2079-9.83	
P46100	2083	2079-5.31	
P46100	2158		2131-9.53
P46100	2282	2281-3.89	
P46100	2283	2281-5.54	
P46531	1725		1574-9.13
P46531	2323	2327-9.98	
P46777	2	3-3.83	
P46777	5	3-6.68	
P46777	207	207-0.00, 208-3.84, 209-5.46	
P46777	209	207-5.46, 208-3.87, 209-0.00	
P46777	219	222-5.41, 223-5.64	207-9.14, 208-6.73, 209-8.88, 226-9.89
P46777	220	222-5.93, 223-5.60	208-9.87, 226-9.13
P46777	221	222-3.85, 223-5.78	
P46777	228	223-8.65, 226-5.42, 231-7.90	
P48735	133	137-7.20	
P48735	134	137-5.11	
P48735	138	137-3.86, 140-5.73	
P48735	272	268-6.22	
P48735	275	277-5.64, 279-6.04, 280-8.50	
P48735	280	277-4.89, 279-3.89, 280-0.00, 282-5.49	
P48735	282	277-8.50, 279-4.98, 280-5.49, 282-0.00	
P48735	413	411-6.89, 416-5.08, 417-5.89	421-9.84, 434-9.18
P49589	48	50-6.46	
P49589	148	145-5.44	
P49711	224	226-6.89	
P49711	287	283-7.16, 284-5.03	
P49711	289	284-9.25	
P49711	317	320-8.81	
P49711	319	320-3.82	
P49711	343	339-6.24, 341-5.51	
P49711	346	341-6.20	
P49711	352	354-6.63, 356-8.30	
P49711	374	371-4.93, 377-8.99	
P49711	449	448-3.87	
P49711	450	448-5.45	
P49711	496	494-6.20	
P49711	518	515-4.96, 516-5.75, 519-3.87	
P49711	526	524-6.56	
P49711	563	566-9.10	
P49711	565	566-3.88	552-6.89
P49711	569	566-5.58	
P49711	604	603-3.78	
P49711	689	687-5.97	
P49802	38	33-9.71, 36-5.62, 37-3.87, 40-5.92, 42-8.99	
P49802	241	241-0.00	
P49802	434	437-5.13	351-7.58, 357-9.84, 360-9.82
P49815	540	537-8.97	
P49815	914	917-5.30	
P49815	981	978-5.55	
P49815	1269	1268-3.68	
P49815	1760	1757-5.17, 1759-3.87	
P49915	159	158-3.84	
P49915	676	673-8.80, 677-3.86	619-5.53
P50148	183	183-0.00	
P50148	252	247-8.75, 248-6.17, 254-5.42, 256-6.16	
P50219	342	344-6.15	
P50570	113	114-3.86	
P50570	116	114-7.09	
P50570	240	237-7.89	
P50570	286	290-6.45	
P50570	292	290-5.51, 296-6.17	
P50570	299	296-5.10	
P50570	315	318-8.40	
P50570	357	361-6.39	
P50570	414	410-6.04	
P50570	532	537-7.13	
P50570	862	862-0.00, 865-8.66	
P51532	626	626-0.00	
P51532	837	839-5.30	
P51532	850	845-8.50	
P51532	1033	1030-8.28	
P51532	1081	1080-3.85	
P51532	1219	1224-8.84	
P51532	1221	1224-5.14, 1226-8.84	
P51532	1227	1224-5.29, 1226-3.88	946-9.42, 1250-7.39
P51532	1379	1382-8.61	
P51532	1380	1382-5.86	
P51532	1382	1382-0.00	
P51532	1386		1037-9.51
P51532	1497	1502-8.90	1538-9.62
P51826	310	307-5.07	
P51826	921	919-6.91, 923-7.42	
P51826	954	956-6.74	
P51826	957	956-3.84	
P52333	15	14-3.63	
P52333	17	14-7.17	
P52333	652	651-3.87	
P52333	855	857-7.11	
P52333	886	887-3.85	815-8.53
P52333	1120	1122-7.04	
P52701	261	264-9.49	
P52701	305	306-3.82	
P52701	309	306-9.97	
P52701	957	959-5.68	
P52701	1009	1013-6.53	
P52701	1010	1013-5.26	
P52701	1014	1013-3.86	
P52701	1092	1095-9.04	
P52701	1101	1101-0.00	
P52701	1240	1242-6.81	
P52926	44	41-7.11, 47-8.17	
P53675	394	396-5.34	
P53675	477	481-6.50	
P53675	963	965-6.21	
P53675	966	965-3.87	
P53675	989	989-0.00	
P53675	1168	1165-8.76	
P54098	383	386-5.03	
P54277	905	901-6.21, 904-3.86, 906-3.84	912-9.48
P54278	413	415-7.40	
P54278	485	485-0.00	
P54278	624	624-0.00	
P54278	748	745-5.06, 750-5.57	714-9.38
P54278	766	763-7.70, 769-9.60	756-7.72
P54278	777	779-6.68	
P55196	1275	1273-6.96	
P55196	1512	1509-9.08	
P55197	686	688-7.41	
P55199	519	519-0.00, 522-4.88	
P55199	561	558-7.88	
P55211	189	188-3.87, 191-5.58, 193-6.11	
P55211	195	191-6.04, 193-5.40	
P55211	196	191-8.64, 193-5.15	
P55287	788	790-5.68	769-8.13
P55287	791	790-3.82	
P55317	223	226-7.70	
P55317	264	261-8.88	
P60228	2	3-3.89	
P60484	6	6-0.00, 10-6.23	24-8.05, 47-5.83
P60484	13	10-5.44, 14-3.83, 15-6.25	24-7.29, 36-9.61, 126-9.07, 127-8.72, 159-5.93, 165-8.72
P60484	27	27-0.00	14-9.54, 159-8.06
P60484	46	43-5.98, 44-5.47, 47-3.88, 48-7.06	10-8.98
P60484	60	61-3.86	
P60484	62	61-3.86	
P60484	66	61-9.68, 68-6.79	
P60484	68	68-0.00, 71-9.32	123-6.24, 124-8.57, 134-9.96
P60484	80	85-9.64	
P60484	125	123-6.84, 124-3.85, 126-3.85, 127-5.92, 128-8.07, 129-9.40, 130-8.52	36-5.68, 38-8.67, 47-9.17, 71-6.61, 92-7.84
P60484	128	123-8.29, 124-7.50, 126-5.39, 127-3.86, 128-0.00, 129-3.87, 130-6.03, 131-5.46, 132-5.68	10-9.93, 36-7.89, 93-9.79, 155-9.20, 159-7.66, 165-5.85
P60484	138	134-6.22, 136-5.46, 137-3.86, 142-6.20	101-8.25, 132-9.79
P60484	155	153-5.44, 155-0.00, 159-5.73	132-6.53, 136-6.98, 165-6.10
P60484	163	159-7.72, 162-3.89, 165-5.85, 167-9.32	155-8.06
P60484	164	159-8.49, 162-5.35, 165-3.87, 167-5.99	129-9.16, 155-8.90
P60484	174	170-6.56, 171-5.49, 173-3.84, 174-0.00	101-8.83, 134-9.43, 136-9.99
P60484	176	171-9.10, 173-4.96, 174-5.32, 181-8.76	136-9.68, 170-9.84
P60484	177	173-6.04, 174-4.79, 181-6.46	
P60484	178	173-8.62, 174-6.09, 181-5.15	101-7.52, 136-9.61
P60484	179	174-8.42, 181-5.55	136-9.42
P60484	180	181-3.84	174-9.60
P60484	254	252-6.90	170-9.54
P60484	319	320-3.84	342-6.76
P60484	321	320-3.84, 325-6.86	342-4.35
P60484	327	325-6.32	271-5.07
P60484	336	341-9.91	
P61244	24	28-6.19	
P61244	40	35-8.68, 36-6.12, 38-5.41, 41-3.84, 42-5.46	46-9.84, 60-9.30
P61244	42	38-6.30, 41-3.86, 42-0.00, 46-6.09, 47-8.60	36-9.82
P61244	49	46-5.13, 47-5.44, 51-6.42	
P61244	57	60-9.92	
P61244	59	60-3.86	
P61586	7	5-6.92	57-6.23, 75-9.39
P61586	19	17-5.61, 20-3.84, 22-5.20	34-9.08, 40-8.54, 59-6.34, 161-9.27
P61586	26	22-6.02	20-9.87, 42-7.17, 57-8.88, 168-9.98
P61586	27	22-8.28	42-9.46
P61586	34	34-0.00	17-9.19, 20-8.75
P61586	37	34-8.98, 40-7.20	59-7.52, 62-7.77
P61586	41	40-3.82, 42-3.80	22-9.39, 57-5.66, 59-6.04
P61586	42	40-6.90, 42-0.00	22-7.70, 57-4.94, 59-7.93
P61586	60	57-9.85, 59-3.82, 62-6.45	40-6.87, 69-9.11
P61586	66	62-7.61, 69-5.09	
P61586	104	106-5.71	
P61586	118	118-0.00	17-7.44, 161-6.63, 164-9.84
P61586	119	118-3.84	161-8.59
P61769	4	2-5.31	
P62258	12	11-3.88, 15-5.01	
P62633	47	47-0.00	
P62633	49	47-5.33	
P63000	32	29-7.36, 34-6.55	18-8.72
P63000	39	41-6.94	71-9.98
P63000	64	61-5.92, 63-3.86, 68-5.85, 69-9.02	
P63000	71	68-5.87, 69-5.22, 71-0.00, 73-6.08	
P63092	335	335-0.00	
P63092	338	335-5.47, 341-5.28	
P63092	339	335-6.09, 341-5.39	
P67936	87	90-4.95	
P67936	92	90-5.55, 95-5.04	
P67936	100	95-8.72	
P67936	153	155-5.37	
P67936	201	196-8.62, 206-8.62	195-9.89
P78324	453	450-9.65	
P78545	264	262-6.30	
P78545	356	353-9.73, 354-6.94, 356-0.00, 358-5.60	
P78545	362	358-9.59, 360-5.90, 361-3.86, 363-3.83	354-9.60
P78549	68	65-9.55	
P78549	160	156-8.17, 157-7.77, 163-5.43	182-9.50
P84022	117	112-8.08	
P84022	264	268-8.12	
P84022	388	386-5.72	379-9.46, 382-9.40
P84022	412	416-8.52	
P84022	416	416-0.00, 417-3.86, 418-6.49, 420-8.74	
P84022	418	416-6.49, 417-3.85, 418-0.00, 420-6.32	
P84022	422	420-6.48, 423-3.84, 425-5.60	
P84022	423	420-9.37, 423-0.00, 425-6.21	
P84022	425	423-6.21, 425-0.00	
P84103	85	86-3.91, 88-6.49, 90-8.90	
P84103	90	86-6.57, 88-5.92, 90-0.00, 94-9.83	
P84103	95	94-3.80, 96-3.85, 99-7.93, 100-9.11	
P84103	98	94-9.29, 96-6.46, 99-3.81, 100-6.26	
P84243	32	31-3.87, 33-3.86, 35-8.61	
P84243	37	35-6.13, 37-0.00	31-9.98
P84243	38	35-8.31, 37-3.84, 41-8.53	
P84243	41	41-0.00, 42-3.81	
P84243	42	41-3.81, 42-0.00	
P98175	69	71-6.51	
P98175	73	71-7.10	
P98175	845	846-3.83	
P98177	189	192-7.66	
Q00534	86	87-3.80, 88-6.73	
Q00534	223	220-9.48	
Q00610	227	225-6.86	
Q00610	841	844-5.24	
Q00610	842	844-5.63	
Q00610	899	894-9.73	
Q00610	903	907-5.88	
Q00610	907	907-0.00	
Q00610	911	907-7.55	
Q00653	55	52-9.66	
Q00653	161	160-3.84	
Q00653	277	278-3.86	
Q00653	739	743-6.11	
Q00653	811	808-8.58, 815-8.81, 816-8.81	783-9.02
Q00653	812	808-8.70, 815-5.24, 816-6.27	783-6.59, 784-9.51
Q00987	246	249-9.33	
Q00987	248	249-3.84	
Q00987	252	249-9.07	
Q00987	259	256-8.80	
Q00987	282	284-5.86	
Q00987	285	284-3.81	
Q00987	287	284-9.10	
Q01105	63	65-5.53	
Q01105	68	65-5.13	
Q01105	72	77-8.86	
Q01105	172	170-6.35	152-9.87
Q01105	175	176-3.85	145-9.29
Q01130	66	67-3.85, 69-5.18	
Q01130	94	95-3.87	
Q01130	98	95-7.97	
Q01130	200	200-0.00	
Q01130	204	205-3.88	
Q01130	212	211-3.89	
Q01130	220	218-7.05	
Q01196	14	12-6.42	
Q01196	182	184-5.99	
Q01196	193	198-9.13	
Q01196	199	198-3.85, 201-5.49, 204-8.43	
Q01196	206	201-9.61, 204-5.44	
Q01196	207	204-5.12	201-9.42
Q01196	230	232-7.09	
Q01196	319	316-9.79	
Q01196	435	437-6.97	
Q01543	10	10-0.00	
Q01543	13	10-8.68	
Q01543	67	68-3.83	
Q01543	325	320-8.67, 324-3.87	
Q01543	350	355-9.51	
Q01543	438	436-7.31, 438-0.00	
Q01831	711	715-6.14	
Q01844	314	315-3.86	
Q01844	317	315-6.58	
Q01844	417	417-0.00	
Q01844	461	460-3.84	
Q01844	464	466-6.80	
Q01844	563	562-3.85	
Q01844	565	562-9.58, 567-7.17	
Q01844	572	570-5.95, 574-7.33	
Q02297	403	406-9.89	
Q02535	65	64-3.80, 68-5.21, 69-6.43	71-9.99
Q02548	179	183-6.39	
Q02548	180	183-5.07	
Q04721	1708	1708-0.00	
Q04721	1778	1780-4.97	
Q04721	2295	2298-7.43	
Q04721	2296	2298-6.60	
Q04771	203	206-5.75	
Q04864	421	421-0.00	
Q06124	59	60-3.83, 61-5.94	506-8.23, 507-7.41, 510-9.99
Q06124	62	60-6.10, 61-3.88	71-5.78, 72-5.34, 506-6.64, 507-8.98
Q06124	63	60-8.29, 61-7.36	69-8.52, 71-5.13, 72-6.22, 76-9.65, 506-8.19, 507-9.60
Q06124	66	69-7.83	42-9.71
Q06124	73	71-5.59, 72-3.87, 76-5.21	502-7.21, 506-7.89
Q06124	80	76-5.91	69-9.75
Q06124	142	146-8.42	
Q06124	263	265-6.63	285-6.28, 502-8.58
Q06124	264	265-3.88	285-5.79
Q06124	280		71-8.29
Q06124	460	465-8.50	61-6.93, 357-6.83
Q06124	466	465-3.86	61-9.31, 357-9.44, 506-9.87
Q06124	511	506-7.99, 507-6.36, 510-3.83, 511-0.00, 514-5.38, 516-9.04	
Q06124	515	510-8.96, 511-6.91, 514-3.84, 516-3.85	472-8.39
Q06136	313	316-5.14	
Q06187	225	227-6.48	
Q06187	361	366-8.47	
Q06187	366	366-0.00	
Q06187	371	366-5.53	
Q06187	558	559-3.84	
Q06187	564	559-8.86	
Q06187	623	624-3.86, 626-5.20, 627-6.13, 628-8.58	658-9.70
Q07812	64	63-3.86, 67-5.08	
Q07812	85	82-9.43, 88-5.33, 89-9.03	124-7.38
Q07812	87	88-3.87, 89-5.46	
Q07812	135	130-9.12, 131-6.46, 133-5.41, 139-6.31	88-9.62, 89-8.55
Q07812	184	180-6.22, 182-5.51, 184-0.00, 186-5.45	94-8.18
Q07812	186	182-6.08, 184-5.45, 186-0.00	180-9.87
Q07864	425	424-3.88, 426-3.85	436-5.96, 465-7.97
Q07864	431	426-8.43	465-9.96
Q07864	792	793-3.85	
Q07864	1155	1159-9.14	
Q07864	1162	1159-6.24, 1160-6.19	
Q07864	2023	2025-6.62	
Q08881	22	20-5.72	
Q08881	61	59-6.27	
Q08881	198	193-9.77, 196-6.76	
Q08881	248	246-5.52	
Q08881	251	246-8.63	257-9.84
Q08881	258	257-3.88	
Q08881	296	297-3.81	
Q09472	350	349-3.88	
Q09472	569	568-3.85	
Q09472	580	580-0.00	613-8.42
Q09472	611	613-5.49	587-9.55
Q09472	614	613-3.84	
Q09472	839	838-3.56	
Q09472	841	838-9.48	
Q09472	1167	1164-8.70	
Q09472	1499	1502-7.84	
Q09472	1518	1514-6.08	1524-9.80
Q09472	1528	1524-6.07	
Q09472	1632	1627-8.67, 1629-5.07	
Q09472	1834	1829-8.55	
Q09472	2315	2317-7.00	
Q09472	2317	2317-0.00	
Q09472	2320	2317-9.78	
Q09472	2366	2368-7.00	
Q10571	1007	1010-9.53	
Q10571	1012	1010-6.63	
Q12778	22	22-0.00	
Q12778	24	22-4.88	
Q12778	210	214-6.58	
Q12778	212	214-5.54	
Q12778	218	214-6.51	225-8.70
Q12778	317	314-9.36, 316-3.85	
Q12778	318	316-6.00	
Q12778	319	316-8.43	
Q12778	550	550-0.00	
Q12824	94	95-3.84	
Q12824	314	316-5.59, 318-6.20	
Q12864	548	549-3.84	
Q12923	301	302-3.82	
Q12923	302	302-0.00	
Q12923	887	887-0.00	
Q12923	890	887-4.94	
Q13015	84	86-5.57	
Q13017	862	862-0.00	
Q13017	1060	1057-5.60	
Q13191	697	696-3.97	
Q13191	763	764-3.96	
Q13206	197	200-5.72	
Q13206	569	567-6.90	
Q13422	157	158-3.85, 159-5.42, 162-8.60	
Q13422	165	162-5.25	
Q13422	241	243-5.85	
Q13422	258	261-5.46	
Q13422	261	261-0.00	
Q13422	269	271-5.58	
Q13422	273	271-5.51	
Q13422	281	283-6.15	
Q13422	286	283-9.28	
Q13422	301	304-5.15	
Q13422	389	387-6.54	
Q13422	427	425-5.89, 430-9.26	
Q13422	429	430-3.79	
Q13469	236	238-6.58	
Q13469	255	255-0.00	
Q13469	268	271-9.90	
Q13469	274	271-9.72	
Q13469	276	277-3.82	
Q13469	280	277-9.56	
Q13469	346	343-9.47	
Q13485	95	91-6.48, 92-5.48, 95-0.00, 97-5.32	130-6.13
Q13485	113	118-9.25	132-8.58
Q13485	122	118-7.50	
Q13485	368	365-8.38	
Q13485	385	386-3.87	351-5.01, 363-9.48
Q13485	504		330-9.81, 406-9.16, 524-4.04
Q13485	519	524-8.13	330-7.77
Q13489	7	7-0.00	
Q13492	291	288-9.51	
Q13492	537	537-0.00, 538-3.85	
Q13492	543	538-9.55, 542-3.85	
Q13535	177	177-0.00	
Q13535	459	458-3.86	
Q13535	1019	1015-6.22	1025-7.83
Q13535	1140	1144-8.86	
Q13535	1185	1181-9.25, 1183-6.87	
Q13535	2026	2030-6.16	
Q13535	2106	2103-5.23	
Q13535	2210	2207-6.35	
Q13535	2404	2407-5.24	
Q13535	2589	2593-6.21	
Q13618	63	67-6.24	
Q13618	68	67-3.89	
Q13618	301	299-5.55	
Q13618	326	321-8.46	
Q13618	425	426-3.85	731-9.50
Q13635	1195	1192-8.75	
Q13635	1394	1394-0.00	
Q13635	1425	1425-0.00	
Q13772	42	40-5.45	
Q13882	446	448-7.13	
Q13882	447	448-3.87	
Q13951	85	83-5.41, 87-6.64	67-8.78, 70-8.34, 99-6.48
Q14145	43	45-6.39	
Q14145	97	95-6.53	
Q14145	108	103-8.25	
Q14145	112	117-8.94	
Q14145	131	135-6.33	155-8.87
Q14145	287	284-5.24	
Q14145	551	554-9.43	
Q14145	599	601-6.30	333-9.99
Q14145	602	601-3.83, 603-3.85	333-5.29, 554-8.88
Q14191	887	889-5.46	
Q14191	1073	1072-3.89	
Q14202	53	54-3.83	
Q14202	172	172-0.00	
Q14202	297	295-6.63	
Q14202	439	443-6.13	
Q14202	1100	1100-0.00	
Q14202	1123	1126-7.76	
Q14202	1298	1296-5.41, 1301-4.94	
Q14202	1306	1301-9.11	1331-5.97, 1334-6.65
Q14203	145	143-6.88	
Q14203	453	455-5.41	
Q14203	618	614-6.13	
Q14203	920	918-6.44	
Q14203	993	992-3.89	
Q14203	996	992-6.29	
Q14203	1001	1006-8.60	
Q14203	1179	1181-7.13, 1183-6.67	1173-8.33
Q14203	1180	1181-3.87, 1183-5.11	1173-8.05
Q14203	1182	1181-3.85, 1183-3.85	
Q14240	2	4-6.50	
Q14240	5	4-3.82	
Q14790	63	66-5.33	
Q14790	113	111-6.41	
Q14790	130	127-9.30	
Q14790	148	148-0.00	
Q14790	156	158-5.96	
Q14790	178	180-5.48	
Q14790	183	180-5.06	
Q14790	224	226-6.94	
Q14790	229	226-9.46	307-8.68
Q14790	230		307-5.86
Q14790	263	268-8.62	
Q14790	273	268-8.50	
Q14790	305	307-5.52	
Q14790	448	453-9.12	
Q14832	266	261-9.37, 269-5.59	
Q14832	754	758-6.17	
Q14832	758	758-0.00	767-9.93
Q14839	959	957-6.97	1162-9.36
Q14839	987	992-8.37	
Q14839	1073		1127-8.75
Q14839	1092	1094-7.30	
Q14839	1335	1338-8.81	
Q14839	1831	1828-5.20	
Q14847	59	55-9.55	
Q14847	68	65-6.46, 72-6.52, 73-8.77	
Q14847	75	72-5.17, 73-5.45	
Q14847	78	73-8.58	72-9.93
Q14980	73	72-3.86	
Q14980	76	72-9.39	
Q14980	379	381-5.56	
Q14980	1187	1187-0.00	
Q14980	1518	1520-5.36	
Q14980	1744	1743-3.32	
Q14980	1800	1802-7.03	
Q14980	1802	1802-0.00	
Q14980	1804	1802-7.37	
Q14980	1964	1966-5.66, 1967-8.35	
Q14980	1969	1966-7.67, 1967-4.59	
Q14980	2055	2056-3.83	
Q15022	139	136-5.70	
Q15022	140	136-6.39	
Q15022	537	535-6.63	
Q15047	809		696-6.81
Q15047	862	861-3.84	
Q15047	1197	1198-3.89	861-8.96
Q15154	754	754-0.00	
Q15154	755	754-3.87	
Q15154	776	776-0.00	
Q15154	859	855-7.79	
Q15154	960	960-0.00	
Q15154	1531	1529-5.44	
Q15233	86	84-6.50	
Q15233	99	102-9.95	115-8.78
Q15233	107	106-3.85, 110-5.13	84-7.26
Q15233	109	106-5.70, 110-3.85	
Q15233	115	115-0.00	75-4.21, 102-5.34
Q15233	184	184-0.00	
Q15233	186	184-5.60, 188-6.39	
Q15233	188	188-0.00	
Q15233	190	188-5.30	
Q15233	364	364-0.00	
Q15262	357	358-3.80	
Q15276	277	279-5.48	
Q15276	282	279-5.11	
Q15303	576	573-5.85	
Q15303	714	711-9.98, 713-3.84	
Q15303	873	872-3.87	
Q15303	875	872-7.00	840-9.08
Q15303	1022	1023-3.86	
Q15303	1051	1053-7.16	
Q15303	1162	1165-9.66	
Q15303	1188	1187-3.37	
Q15303	1242	1242-0.00	
Q15306	103	98-8.62, 106-8.95	
Q15306	181	182-3.79	
Q15306	325	320-7.34, 323-6.51	
Q15365	23	21-5.40	
Q15365	107		345-8.56
Q15365	202	203-3.83	
Q15375	601	601-0.00, 603-6.12	
Q15375	606	601-9.22, 603-8.83	
Q15375	614	616-5.32	
Q15375	653	656-8.60	659-4.67
Q15375	810	806-5.53	
Q15375	892	891-3.89, 895-5.04	
Q15468	60	63-5.08	99-8.19
Q15596	76	81-8.55	
Q15596	78	81-5.12	
Q15596	489	491-7.45	
Q15596	493	491-7.07	
Q15596	1169	1169-0.00	
Q15596	1261	1261-0.00	
Q15596	1266	1261-8.47	
Q15643	248	252-6.06	
Q15643	251	252-3.86	
Q15643	1169	1167-5.36, 1170-3.85	
Q15643	1374	1376-5.44	
Q15643	1479	1481-5.48	
Q15643	1808	1804-6.10	
Q15788	517	519-7.28	
Q15796	118	120-5.77	
Q15796	121	120-3.85	
Q15796	128	133-8.15	
Q15796	317	318-3.82, 321-8.37	
Q15796	417	415-6.91, 417-0.00, 421-6.63	433-9.94, 437-4.03, 438-6.45
Q15831	178	179-3.88	216-7.98, 242-9.56
Q15831	240	239-3.84, 242-5.39	179-9.98, 216-9.11, 221-7.24
Q15831	307	303-8.71, 304-8.39, 308-3.86	
Q15910	27	25-5.53	
Q15910	61	64-7.71	
Q15910	75	78-8.62	
Q15910	76	78-5.95	
Q15910	277	280-7.81	
Q15910	345	347-6.56	
Q15910	348	347-3.84	
Q15910	634	635-3.85	695-9.11
Q15910	641		684-5.98
Q15910	690	695-9.36	723-5.67, 725-5.00, 726-7.46
Q15910	729	725-9.93, 726-8.96, 730-3.86, 733-5.86	
Q16204	349	348-3.81	
Q16204	351	348-8.82	
Q16204	411	409-7.32, 412-3.36, 413-7.22	
Q16204	413	412-3.90, 413-0.00	
Q16288	151	153-6.73	
Q16384	50	53-5.05	
Q16394	617	615-7.18	594-7.40, 668-5.99, 716-9.63, 721-8.78
Q16534	201	200-3.82	
Q16832	469	472-7.86	
Q16832	470	472-6.14, 473-7.52	
Q16832	471	472-3.89, 473-5.79	
Q16832	473	472-3.91, 473-0.00	
Q16832	481	478-9.12	
Q16832	675	674-3.85	
Q5H9F3	155	157-7.00	
Q5H9F3	599	598-3.86	
Q5JTC6	250	251-3.87	
Q5M775	130	131-3.81	
Q5M775	131	131-0.00	
Q5M775	133	131-7.20	
Q5M775	142	144-7.60	
Q5M775	144	144-0.00	
Q5M775	145	144-3.92	
Q5M775	189	188-3.86	
Q5M775	238	242-6.12	
Q5M775	241	242-3.86	
Q5M775	964	965-3.88, 966-5.68	
Q5M775	970	965-8.73, 966-6.20	
Q68CP9	1262	1261-3.67	
Q6N021	369	368-3.80	
Q6NZY4	342	341-3.83	
Q6NZY4	597	597-0.00	
Q6NZY4	598	597-3.91	
Q6NZY4	601	601-0.00	
Q6P1J9	150	147-5.25	
Q6P1J9	198	194-8.45	
Q6P1J9	520	522-5.62, 524-6.48	
Q6Q0C0	160	163-8.75	
Q6Q0C0	197	198-3.86	
Q6Q0C0	199	198-3.84	
Q6UUV7	238	240-6.85	
Q6UXM1	984	982-7.10, 984-0.00, 985-3.88	
Q6W2J9	290	293-9.94	
Q6W2J9	294	293-3.73	
Q6W2J9	434	436-4.87	
Q6W2J9	569	570-3.27	
Q6W2J9	571	570-3.30	
Q6W2J9	1047	1050-9.42	
Q6W2J9	1269	1271-6.94	
Q6W2J9	1271	1271-0.00	
Q6ZN28	184	186-5.24	
Q6ZN28	191	186-7.59	
Q70Z35	215	213-5.43	
Q70Z35	673	676-6.34	
Q70Z35	679	676-9.74, 681-6.47	
Q76L83	156	156-0.00	
Q76L83	370	373-5.12	
Q7KZF4	40	38-6.31	
Q7KZF4	88	87-3.84	
Q7KZF4	238	241-9.96	
Q7KZF4	240	241-3.86	
Q7KZF4	389	391-6.39	
Q7KZF4	436	438-6.27	
Q7KZF4	641		634-9.02
Q7KZF4	848	847-3.86	
Q7KZF4	857	852-8.81, 859-5.43, 862-9.65	885-5.50, 888-9.72
Q7Z407	391	392-3.11	
Q7Z407	1314	1315-3.87, 1316-5.59	
Q7Z7A1	998	1003-8.56	
Q7Z7A1	1002	1003-3.84	
Q7Z7A1	1475	1478-4.87	
Q86U86	648	648-0.00	
Q86V71	252	249-5.01	
Q86V71	504	500-6.67	
Q86V71	557	557-0.00, 559-5.36	
Q86V71	560	557-5.03, 559-3.83	
Q86W92	798	800-6.18	
Q86W92	802	800-5.41	781-9.98, 840-9.95
Q86W92	999	999-0.00	
Q86YC2	1165	1165-0.00, 1170-5.21	
Q86YC2	1167	1165-5.46, 1170-8.25	
Q8IUD2	10	13-9.96	
Q8IUD2	14	13-3.84	
Q8IUD2	15	13-7.13	
Q8IUD2	27	26-3.82	
Q8IUD2	35	33-7.06, 34-3.26	
Q8IUD2	37	34-9.93	
Q8IWS0	83	83-0.00	
Q8IZL2	1089	1087-7.60, 1088-3.87	
Q8IZP0	338	339-3.12, 340-5.99	
Q9NRM7	154	151-5.15, 157-6.09	
Q9NRM7	168	168-0.00	
Q9NRM7	531	528-9.73	
Q9NRM7	598	601-5.35	
Q9NYV4	283	283-0.00	
Q9NYV4	325	327-6.99	
Q9NYV4	327	327-0.00	
Q9NYV4	770	773-5.03	
Q9NYV4	861	858-9.65	
Q9NYV4	886	890-9.22	915-9.73
Q9NYV4	889	890-3.85	
Q9NYV4	892	890-6.49	
Q9NYV4	893		858-9.93
Q9NYV4	973	974-3.88	
Q9NYV4	1045	1041-6.03	
Q9Y618	106	107-3.80, 109-9.52	
Q9Y618	221	224-8.81	
Q9Y618	335	330-8.51	
Q9Y618	493	488-9.13	
Q9Y618	708	708-0.00	
Q9Y618	1308	1309-3.87	
Q9Y618	1458	1460-7.48	
Q9Y618	1504	1505-3.87	
Q9Y618	1653	1653-0.00	
Q9Y618	1794	1794-0.00	
Q9Y618	1861	1861-0.00	
Q9Y618	2037	2036-3.30	
Q9Y618	2040	2036-9.52	
